project_id,project_type,project_name,district,municipality,address,latitude,longitude,facility_type,ownership,scope_of_works,impact,implementation_modality,total_investment_usd,funding_source,status,start_date,completion_date,before_photo,after_photo,remarks,photos
RAC_2_3,RAC,RAC UID 2 - Appliance,Balti,Balti,"Mun. Bălți. Str. Ștefan cel Mare, 20, Bălți",47.764227,27.930565,Collective center,ATAS North – West A. Russo State University,"Appliance: The provision and maintenance of basic appliances in collective centers providing refrigerators, stoves, washing machines, driers and other essential household equipment. These interventions ensure that residents can prepare food safely, store perishable items, and maintain personal hygiene. Regular maintenance and replacement of malfunctioning appliances are integral to keeping communal facilities functional and safe.","Functional appliances are critical to maintaining safe and dignified living conditions. They reduce health risks linked to poor food storage and inadequate sanitation, support self-reliance and daily routines, and improve residents’ quality of life. By enabling families to cook, clean, and live safely, appliances contribute to restoring a sense of normalcy, stability, and dignity within the collective centers",Acted,1084.10,Unearmarked,Completed,2024,2024,,,,
RAC_2_1,RAC,RAC UID 2 - Small Repairs & Maintenance,Balti,Balti,"Mun. Bălți. Str. Ștefan cel Mare, 20, Bălți",47.764227,27.930565,Collective center,ATAS North – West A. Russo State University,"Small Repairs, Maintenance both small and major — in collective centers are essential to keeping facilities safe, functional, and protective. Activities include repairing or replacing doors, windows, and locks; addressing plumbing and electrical issues; maintaining heating and lighting systems; fixing leaks or structural damages; and ensuring that WASH facilities are properly maintained.- MDL 103,616.03 | Small Repairs, Maintenance both small and major — in collective centers are essential to keeping facilities safe, functional, and protective. Activities include repairing or replacing doors, windows, and locks; addressing plumbing and electrical issues; maintaining heating and lighting systems; fixing leaks or structural damages; and ensuring that WASH facilities are properly maintained.","These measures are conducted to ensuring that displaced people live in safe, dignified, and stable conditions. Beyond restoring basic functionality, these interventions are critical for protection: they reduce health risks linked to mold and poor sanitation, prevent accidents caused by unsafe wiring or damaged structures, and safeguard privacy and security through properly functioning doors and locks. By preventing small problems from escalating into major risks, maintenance works directly support the well-being, safety, and dignity of residents in collective centers.",Acted,369717.67,Unearmarked,Completed,2022,2024,,,,
RAC_2_2,RAC,RAC UID 2 - Winterization,Balti,Balti,"Mun. Bălți. Str. Ștefan cel Mare, 20, Bălți",47.764182,27.930593,Collective center,ATAS North – West A. Russo State University,"Winterization activities in collective centers focus on keeping facilities safe and livable during the cold season. They include insulating and repairing windows and doors, sealing drafts to prevent heat loss, maintaining heating systems, and addressing minor structural issues. These measures ensure that RACs provide warmer, safer, and more dignified living conditions for residents throughout the winter months.- MDL 52,771.68 | Winterization activities in collective centers focus on keeping facilities safe and livable during the cold season. They include insulating and repairing windows and doors, sealing drafts to prevent heat loss, maintaining heating systems, and addressing minor structural issues. These measures ensure that RACs provide warmer, safer, and more dignified living conditions for residents throughout the winter months.","Winterization is an intervention that aims to safeguard the health, dignity, and well-being of displaced people. By reducing exposure to life-threatening cold, it helps prevent illness, strengthens protection, and allows families to live in safety and stability during winter.",Acted,31868.25,Unearmarked,Completed,2022,2024,,,,
RAC_3_3,RAC,RAC UID 3 - Appliance,Glodeni,Glodeni,"Or. Glodeni, str. Zgîrcea, nr.12",47.771099,27.519764,Collective center,ATAS North-West,"Appliance: The provision and maintenance of basic appliances in collective centers providing refrigerators, stoves, washing machines, driers and other essential household equipment. These interventions ensure that residents can prepare food safely, store perishable items, and maintain personal hygiene. Regular maintenance and replacement of malfunctioning appliances are integral to keeping communal facilities functional and safe.","Functional appliances are critical to maintaining safe and dignified living conditions. They reduce health risks linked to poor food storage and inadequate sanitation, support self-reliance and daily routines, and improve residents’ quality of life. By enabling families to cook, clean, and live safely, appliances contribute to restoring a sense of normalcy, stability, and dignity within the collective centers",Acted,986.85,Unearmarked,Completed,2024,2024,,,,
RAC_3_4,RAC,RAC UID 3 - Furniture,Glodeni,Glodeni,"Or. Glodeni, str. Zgîrcea, nr.12",47.771099,27.519764,Collective center,ATAS North-West,Furniture - Chairs: Furniture provision in collective centers focused on the distribution of chairs for residents in common areas and individual rooms. This activity supported to maintain basic comfort and functionality within the centers.,Adequate furniture directly enhances residents’ well-being by improving space in personal space and common areas. It allows families to create a sense of home confort and stability even in temporary accommodation.,Acted,401.63,Unearmarked,Completed,2023,2023,,,,
RAC_3_1,RAC,RAC UID 3 - Small Repairs & Maintenance,Glodeni,Glodeni,"Or. Glodeni, str. Zgîrcea, nr.12",47.771099,27.519764,Collective center,ATAS North-West,"Small Repairs, Maintenance both small and major — in collective centers are essential to keeping facilities safe, functional, and protective. Activities include repairing or replacing doors, windows, and locks; addressing plumbing and electrical issues; maintaining heating and lighting systems; fixing leaks or structural damages; and ensuring that WASH facilities are properly maintained. - MDL 76,196.2 | Small Repairs, Maintenance both small and major — in collective centers are essential to keeping facilities safe, functional, and protective. Activities include repairing or replacing doors, windows, and locks; addressing plumbing and electrical issues; maintaining heating and lighting systems; fixing leaks or structural damages; and ensuring that WASH facilities are properly maintained.","These measures are conducted to ensuring that displaced people live in safe, dignified, and stable conditions. Beyond restoring basic functionality, these interventions are critical for protection: they reduce health risks linked to mold and poor sanitation, prevent accidents caused by unsafe wiring or damaged structures, and safeguard privacy and security through properly functioning doors and locks. By preventing small problems from escalating into major risks, maintenance works directly support the well-being, safety, and dignity of residents in collective centers.",Acted,63085.29,Unearmarked,Completed,2022,2024,,,,
RAC_3_2,RAC,RAC UID 3 - Winterization,Glodeni,Glodeni,"Or. Glodeni, str. Zgîrcea, nr.12",47.771099,27.519764,Collective center,ATAS North-West,"Winterization activities in collective centers focus on keeping facilities safe and livable during the cold season. They include insulating and repairing windows and doors, sealing drafts to prevent heat loss, maintaining heating systems, and addressing minor structural issues. These measures ensure that RACs provide warmer, safer, and more dignified living conditions for residents throughout the winter months. - MDL 11,141.77 | Winterization activities in collective centers focus on keeping facilities safe and livable during the cold season. They include insulating and repairing windows and doors, sealing drafts to prevent heat loss, maintaining heating systems, and addressing minor structural issues. These measures ensure that RACs provide warmer, safer, and more dignified living conditions for residents throughout the winter months.","Winterization is an intervention that aims to safeguard the health, dignity, and well-being of displaced people. By reducing exposure to life-threatening cold, it helps prevent illness, strengthens protection, and allows families to live in safety and stability during winter.",Acted,42710.89,Unearmarked,Completed,2022,2024,,,,
RAC_4_3,RAC,RAC UID 4 - Appliance,Stefan Voda,Popeasca,"R-nul Ștefan Vodă, sat. Popeasca, raionul Ștefan Vodă",46.600614,29.532310,Collective center,ATAS Center Town Hall of Popeasca village,"Appliance: The provision and maintenance of basic appliances in collective centers providing refrigerators, stoves, washing machines, driers and other essential household equipment. These interventions ensure that residents can prepare food safely, store perishable items, and maintain personal hygiene. Regular maintenance and replacement of malfunctioning appliances are integral to keeping communal facilities functional and safe.","Functional appliances are critical to maintaining safe and dignified living conditions. They reduce health risks linked to poor food storage and inadequate sanitation, support self-reliance and daily routines, and improve residents’ quality of life. By enabling families to cook, clean, and live safely, appliances contribute to restoring a sense of normalcy, stability, and dignity within the collective centers",Acted,1161.45,Unearmarked,Completed,2024,2024,,,,
RAC_4_4,RAC,RAC UID 4 - Furniture,Stefan Voda,Popeasca,"R-nul Ștefan Vodă, sat. Popeasca, raionul Ștefan Vodă",46.600614,29.532310,Collective center,ATAS Center Town Hall of Popeasca village,Furniture - Chairs: Furniture provision in collective centers focused on the distribution of chairs for residents in common areas and individual rooms. This activity supported to maintain basic comfort and functionality within the centers.,Adequate furniture directly enhances residents’ well-being by improving space in personal space and common areas. It allows families to create a sense of home confort and stability even in temporary accommodation.,Acted,401.63,Unearmarked,Completed,2023,2023,,,,
RAC_4_1,RAC,RAC UID 4 - Small Repairs & Maintenance,Stefan Voda,Popeasca,"R-nul Ștefan Vodă, sat. Popeasca, raionul Ștefan Vodă",46.600614,29.532310,Collective center,ATAS Center Town Hall of Popeasca village,"Small Repairs, Maintenance both small and major — in collective centers are essential to keeping facilities safe, functional, and protective. Activities include repairing or replacing doors, windows, and locks; addressing plumbing and electrical issues; maintaining heating and lighting systems; fixing leaks or structural damages; and ensuring that WASH facilities are properly maintained. - MDL 293,630.45 | Small Repairs, Maintenance both small and major — in collective centers are essential to keeping facilities safe, functional, and protective. Activities include repairing or replacing doors, windows, and locks; addressing plumbing and electrical issues; maintaining heating and lighting systems; fixing leaks or structural damages; and ensuring that WASH facilities are properly maintained.","These measures are conducted to ensuring that displaced people live in safe, dignified, and stable conditions. Beyond restoring basic functionality, these interventions are critical for protection: they reduce health risks linked to mold and poor sanitation, prevent accidents caused by unsafe wiring or damaged structures, and safeguard privacy and security through properly functioning doors and locks. By preventing small problems from escalating into major risks, maintenance works directly support the well-being, safety, and dignity of residents in collective centers.",Acted,45091.57,Unearmarked,Completed,2022,2024,,,,
RAC_4_2,RAC,RAC UID 4 - Winterization,Stefan Voda,Popeasca,"R-nul Ștefan Vodă, sat. Popeasca, raionul Ștefan Vodă",46.600614,29.532310,Collective center,ATAS Center Town Hall of Popeasca village,"Winterizationactivities in collective centers focus on keeping facilities safe and livable during the cold season. They include insulating and repairing windows and doors, sealing drafts to prevent heat loss, maintaining heating systems, and addressing minor structural issues. These measures ensure that RACs provide warmer, safer, and more dignified living conditions for residents throughout the winter months.- MDL 47,050.29","Winterization is an intervention that aims to safeguard the health, dignity, and well-being of displaced people. By reducing exposure to life-threatening cold, it helps prevent illness, strengthens protection, and allows families to live in safety and stability during winter.",Acted,2599.75,Unearmarked,Completed,2024,2024,,,,
RAC_5_3,RAC,RAC UID 5 - Appliance,UTA Gagauzia,Congaz,"UTA Găgăuzia, sat. Congaz, str. Lenin, 72",46.108478,28.601004,Collective center,"General Directorate of Health and Social Protection, UTA Găgăuzia","Appliance: The provision and maintenance of basic appliances in collective centers providing refrigerators, stoves, washing machines, driers and other essential household equipment. These interventions ensure that residents can prepare food safely, store perishable items, and maintain personal hygiene. Regular maintenance and replacement of malfunctioning appliances are integral to keeping communal facilities functional and safe.","Functional appliances are critical to maintaining safe and dignified living conditions. They reduce health risks linked to poor food storage and inadequate sanitation, support self-reliance and daily routines, and improve residents’ quality of life. By enabling families to cook, clean, and live safely, appliances contribute to restoring a sense of normalcy, stability, and dignity within the collective centers",Acted,1618.69,Unearmarked,Completed,2024,2024,,,,
RAC_5_5,RAC,RAC UID 5 - Disinfection / Disinsection Services,UTA Gagauzia,Congaz,"UTA Găgăuzia, sat. Congaz, str. Lenin, 72",46.108478,28.601004,Collective center,"General Directorate of Health and Social Protection, UTA Găgăuzia","Disinsection services, Disinfection activities in collective centers focus on safeguarding the health, dignity, and well-being of displaced people. Works include pest control to eliminate bed bugs, cockroaches, and other infestations, alongside thorough cleaning and treatment of living spaces, furniture, bedding, and sanitary facilities. These actions restore hygienic and safe conditions, prevent disease transmission, and uphold the dignity and comfort of residents living in collective settings. - MDL .29,000","The measure is vital for protecting the health, dignity, and well-being of displaced people. Eliminating infestations reduces the risk of disease, prevents allergic reactions or skin problems caused by bed bugs, and improves the overall sense of safety and comfort in the centers. Beyond health, it also contributes to protection by ensuring residents’ dignity, and mental well-being are not undermined by poor living conditions.",Acted,1602.39,Unearmarked,Completed,2024,2024,,,,
RAC_5_4,RAC,RAC UID 5 - Furniture,UTA Gagauzia,Congaz,"UTA Găgăuzia, sat. Congaz, str. Lenin, 72",46.108478,28.601004,Collective center,"General Directorate of Health and Social Protection, UTA Găgăuzia",Furniture - Chairs: Furniture provision in collective centers focused on the distribution of chairs for residents in common areas and individual rooms. This activity supported to maintain basic comfort and functionality within the centers.,Adequate furniture directly enhances residents’ well-being by improving space in personal space and common areas. It allows families to create a sense of home confort and stability even in temporary accommodation.,Acted,401.63,Unearmarked,Completed,2023,2023,,,,
RAC_5_1,RAC,RAC UID 5 - Small Repairs & Maintenance,UTA Gagauzia,Congaz,"UTA Găgăuzia, sat. Congaz, str. Lenin, 72",46.108478,28.601004,Collective center,"General Directorate of Health and Social Protection, UTA Găgăuzia","Small Repairs, Maintenance both small and major — in collective centers are essential to keeping facilities safe, functional, and protective. Activities include repairing or replacing doors, windows, and locks; addressing plumbing and electrical issues; maintaining heating and lighting systems; fixing leaks or structural damages; and ensuring that WASH facilities are properly maintained. - MDL 190,489.2 | Small Repairs, Maintenance both small and major — in collective centers are essential to keeping facilities safe, functional, and protective. Activities include repairing or replacing doors, windows, and locks; addressing plumbing and electrical issues; maintaining heating and lighting systems; fixing leaks or structural damages; and ensuring that WASH facilities are properly maintained.","These measures are conducted to ensuring that displaced people live in safe, dignified, and stable conditions. Beyond restoring basic functionality, these interventions are critical for protection: they reduce health risks linked to mold and poor sanitation, prevent accidents caused by unsafe wiring or damaged structures, and safeguard privacy and security through properly functioning doors and locks. By preventing small problems from escalating into major risks, maintenance works directly support the well-being, safety, and dignity of residents in collective centers.",Acted,56336.78,Unearmarked,Completed,2022,2024,,,,
RAC_5_2,RAC,RAC UID 5 - Winterization,UTA Gagauzia,Congaz,"UTA Găgăuzia, sat. Congaz, str. Lenin, 72",46.108478,28.601004,Collective center,"General Directorate of Health and Social Protection, UTA Găgăuzia","Winterization activities in collective centers focus on keeping facilities safe and livable during the cold season. They include insulating and repairing windows and doors, sealing drafts to prevent heat loss, maintaining heating systems, and addressing minor structural issues. These measures ensure that RACs provide warmer, safer, and more dignified living conditions for residents throughout the winter months. - MDL 43,900.","Winterization is an intervention that aims to safeguard the health, dignity, and well-being of displaced people. By reducing exposure to life-threatening cold, it helps prevent illness, strengthens protection, and allows families to live in safety and stability during winter.",Acted,2425.68,Unearmarked,Completed,2024,2024,,,,
RAC_8_3,RAC,RAC UID 8 - Appliance,Calarasi,Calarasi,"Or. Călărași, str. Bojole 2",47.250067,28.324107,Collective center,ATAS Center – West Călărași rayon council,"Appliance: The provision and maintenance of basic appliances in collective centers providing refrigerators, stoves, washing machines, driers and other essential household equipment. These interventions ensure that residents can prepare food safely, store perishable items, and maintain personal hygiene. Regular maintenance and replacement of malfunctioning appliances are integral to keeping communal facilities functional and safe.","Functional appliances are critical to maintaining safe and dignified living conditions. They reduce health risks linked to poor food storage and inadequate sanitation, support self-reliance and daily routines, and improve residents’ quality of life. By enabling families to cook, clean, and live safely, appliances contribute to restoring a sense of normalcy, stability, and dignity within the collective centers",Acted,312.19,Unearmarked,Completed,2024,2024,,,,
RAC_8_1,RAC,RAC UID 8 - Small Repairs & Maintenance,Calarasi,Calarasi,"Or. Călărași, str. Bojole 2",47.250067,28.324107,Collective center,ATAS Center – West Călărași rayon council,"Small Repairs, Maintenance both small and major — in collective centers are essential to keeping facilities safe, functional, and protective. Activities include repairing or replacing doors, windows, and locks; addressing plumbing and electrical issues; maintaining heating and lighting systems; fixing leaks or structural damages; and ensuring that WASH facilities are properly maintained. - MDL 69,323.2 | Small Repairs, Maintenance both small and major — in collective centers are essential to keeping facilities safe, functional, and protective. Activities include repairing or replacing doors, windows, and locks; addressing plumbing and electrical issues; maintaining heating and lighting systems; fixing leaks or structural damages; and ensuring that WASH facilities are properly maintained.","These measures are conducted to ensuring that displaced people live in safe, dignified, and stable conditions. Beyond restoring basic functionality, these interventions are critical for protection: they reduce health risks linked to mold and poor sanitation, prevent accidents caused by unsafe wiring or damaged structures, and safeguard privacy and security through properly functioning doors and locks. By preventing small problems from escalating into major risks, maintenance works directly support the well-being, safety, and dignity of residents in collective centers.",Acted,15597.23,Unearmarked,Completed,2022,2024,,,,
RAC_8_2,RAC,RAC UID 8 - Winterization,Calarasi,Calarasi,"Or. Călărași, str. Bojole 2",47.250067,28.324107,Collective center,ATAS Center – West Călărași rayon council,"Winterization activities in collective centers focus on keeping facilities safe and livable during the cold season. They include insulating and repairing windows and doors, sealing drafts to prevent heat loss, maintaining heating systems, and addressing minor structural issues. These measures ensure that RACs provide warmer, safer, and more dignified living conditions for residents throughout the winter months. - MDL 36,520. | Winterization activities in collective centers focus on keeping facilities safe and livable during the cold season. They include insulating and repairing windows and doors, sealing drafts to prevent heat loss, maintaining heating systems, and addressing minor structural issues. These measures ensure that RACs provide warmer, safer, and more dignified living conditions for residents throughout the winter months.","Winterization is an intervention that aims to safeguard the health, dignity, and well-being of displaced people. By reducing exposure to life-threatening cold, it helps prevent illness, strengthens protection, and allows families to live in safety and stability during winter.",Acted,9471.52,Unearmarked,Completed,2022,2024,,,,
RAC_11_1,RAC,RAC UID 11 - Small Repairs & Maintenance,Basarabeasca,Basarabeasca,"Basarabeasca, str. Depoului 4",46.330550,28.992899,Collective center,ATAS South - West,"Small Repairs, Maintenance both small and major — in collective centers are essential to keeping facilities safe, functional, and protective. Activities include repairing or replacing doors, windows, and locks; addressing plumbing and electrical issues; maintaining heating and lighting systems; fixing leaks or structural damages; and ensuring that WASH facilities are properly maintained.","These measures are conducted to ensuring that displaced people live in safe, dignified, and stable conditions. Beyond restoring basic functionality, these interventions are critical for protection: they reduce health risks linked to mold and poor sanitation, prevent accidents caused by unsafe wiring or damaged structures, and safeguard privacy and security through properly functioning doors and locks. By preventing small problems from escalating into major risks, maintenance works directly support the well-being, safety, and dignity of residents in collective centers.",Acted,13504.77,Unearmarked,Completed,2022,2023,,,,
RAC_12_3,RAC,RAC UID 12 - Appliance,Chisinau,Chisinau,"Mun. Chișinău str. Valea Rediului, 16",46.993142,28.780142,Collective center,MLSP,"Appliance: The provision and maintenance of basic appliances in collective centers providing refrigerators, stoves, washing machines, driers and other essential household equipment. These interventions ensure that residents can prepare food safely, store perishable items, and maintain personal hygiene. Regular maintenance and replacement of malfunctioning appliances are integral to keeping communal facilities functional and safe.","Functional appliances are critical to maintaining safe and dignified living conditions. They reduce health risks linked to poor food storage and inadequate sanitation, support self-reliance and daily routines, and improve residents’ quality of life. By enabling families to cook, clean, and live safely, appliances contribute to restoring a sense of normalcy, stability, and dignity within the collective centers",Acted,2270.75,Unearmarked,Completed,2024,2024,,,,
RAC_12_2,RAC,RAC UID 12 - Decommissioning,Chisinau,Chisinau,"Mun. Chișinău str. Valea Rediului, 16",46.993142,28.780142,Collective center,MLSP,"Decommission of collective centers is a planned process that takes place after a facility closes. It includes cleaning and disinfecting the premises, conducting necessary small repairs, and restoring the site for its original purpose or adapting it for alternative use. These works ensure that the space is left in a safe, functional, and hygienic condition, ready for handover to local authorities, communities, or owners. MDL 59,914.97","Decommissioning plays a crucial role in ensuring an orderly closure of collective centers. Returning facilities in safe and usable condition, prevents health or safety risks and demonstrates accountability and respect toward the institutions and communities that made these spaces available. The process ensures the facility is returned to host communities and local authorities in a safe and functional condition",Acted,3310.59,Unearmarked,Completed,2024,2024,,,,
RAC_12_4,RAC,RAC UID 12 - Furniture,Chisinau,Chisinau,"Mun. Chișinău str. Valea Rediului, 16",46.993142,28.780142,Collective center,MLSP,Furniture - Chairs: Furniture provision in collective centers focused on the distribution of chairs for residents in common areas and individual rooms. This activity supported to maintain basic comfort and functionality within the centers.,Adequate furniture directly enhances residents’ well-being by improving space in personal space and common areas. It allows families to create a sense of home confort and stability even in temporary accommodation.,Acted,401.63,Unearmarked,Completed,2023,2023,,,,
RAC_12_1,RAC,RAC UID 12 - Small Repairs & Maintenance,Chisinau,Chisinau,"Mun. Chișinău str. Valea Rediului, 16",46.993142,28.780142,Collective center,MLSP,"Small Repairs, Maintenance both small and major — in collective centers are essential to keeping facilities safe, functional, and protective. Activities include repairing or replacing doors, windows, and locks; addressing plumbing and electrical issues; maintaining heating and lighting systems; fixing leaks or structural damages; and ensuring that WASH facilities are properly maintained.- MDL 61,651.11 | Small Repairs, Maintenance both small and major — in collective centers are essential to keeping facilities safe, functional, and protective. Activities include repairing or replacing doors, windows, and locks; addressing plumbing and electrical issues; maintaining heating and lighting systems; fixing leaks or structural damages; and ensuring that WASH facilities are properly maintained.","These measures are conducted to ensuring that displaced people live in safe, dignified, and stable conditions. Beyond restoring basic functionality, these interventions are critical for protection: they reduce health risks linked to mold and poor sanitation, prevent accidents caused by unsafe wiring or damaged structures, and safeguard privacy and security through properly functioning doors and locks. By preventing small problems from escalating into major risks, maintenance works directly support the well-being, safety, and dignity of residents in collective centers.",Acted,59909.04,Unearmarked,Completed,2022,2024,,,,
RAC_15_3,RAC,RAC UID 15 - Disinfection / Disinsection Services,Hincesti,Carpineni,"R-nul Hîncești, sat. Cărpineni, str. Gagarin 7",46.766303,28.339534,Collective center,MEC (Ministry of Education and Culture),"Disinfection services, Disinfection activities in collective centers focus on safeguarding the health, dignity, and well-being of displaced people. Works include pest control to eliminate bed bugs, cockroaches, and other infestations, alongside thorough cleaning and treatment of living spaces, furniture, bedding, and sanitary facilities. These actions restore hygienic and safe conditions, prevent disease transmission, and uphold the dignity and comfort of residents living in collective settings. - MDL 5,000","The measure is vital for protecting the health, dignity, and well-being of displaced people. Eliminating infestations reduces the risk of disease, prevents allergic reactions or skin problems caused by bed bugs, and improves the overall sense of safety and comfort in the centers. Beyond health, it also contributes to protection by ensuring residents’ dignity, and mental well-being are not undermined by poor living conditions.",Acted,276.27,Unearmarked,Completed,2024,2024,,,,
RAC_15_4,RAC,RAC UID 15 - Furniture,Hincesti,Cărpineni,"R-nul Hîncești, sat. Cărpineni, str. Gagarin 7",46.766303,28.339534,Collective center,MEC (Ministry of Education and Culture),Furniture - Chairs: Furniture provision in collective centers focused on the distribution of chairs for residents in common areas and individual rooms. This activity supported to maintain basic comfort and functionality within the centers.,Adequate furniture directly enhances residents’ well-being by improving space in personal space and common areas. It allows families to create a sense of home confort and stability even in temporary accommodation.,Acted,267.75,Unearmarked,Completed,2023,2023,,,,
RAC_15_1,RAC,RAC UID 15 - Small Repairs & Maintenance,Hincesti,Cărpineni,"R-nul Hîncești, sat. Cărpineni, str. Gagarin 7",46.766303,28.339534,Collective center,MEC (Ministry of Education and Culture),"Small Repairs, Maintenance both small and major — in collective centers are essential to keeping facilities safe, functional, and protective. Activities include repairing or replacing doors, windows, and locks; addressing plumbing and electrical issues; maintaining heating and lighting systems; fixing leaks or structural damages; and ensuring that WASH facilities are properly maintained. - MDL 126,874.","These measures are conducted to ensuring that displaced people live in safe, dignified, and stable conditions. Beyond restoring basic functionality, these interventions are critical for protection: they reduce health risks linked to mold and poor sanitation, prevent accidents caused by unsafe wiring or damaged structures, and safeguard privacy and security through properly functioning doors and locks. By preventing small problems from escalating into major risks, maintenance works directly support the well-being, safety, and dignity of residents in collective centers.",Acted,7010.39,Unearmarked,Completed,2024,2024,,,,
RAC_15_2,RAC,RAC UID 15 - Winterization,Hincesti,Carpineni,"R-nul Hîncești, sat. Cărpineni, str. Gagarin 7",46.766303,28.339534,Collective center,MEC (Ministry of Education and Culture),"Winterization activities in collective centers focus on keeping facilities safe and livable during the cold season. They include insulating and repairing windows and doors, sealing drafts to prevent heat loss, maintaining heating systems, and addressing minor structural issues. These measures ensure that RACs provide warmer, safer, and more dignified living conditions for residents throughout the winter months.- MDL 30,525.","Winterization is an intervention that aims to safeguard the health, dignity, and well-being of displaced people. By reducing exposure to life-threatening cold, it helps prevent illness, strengthens protection, and allows families to live in safety and stability during winter.",Acted,1686.65,Unearmarked,Completed,2024,2024,,,,
RAC_17_1,RAC,RAC UID 17 - Small Repairs & Maintenance,Cahul,Cahul,"Cahul, str. Victoriei 5",45.903246,28.191599,Collective center,ATAS South,"Small Repairs, Maintenance both small and major — in collective centers are essential to keeping facilities safe, functional, and protective. Activities include repairing or replacing doors, windows, and locks; addressing plumbing and electrical issues; maintaining heating and lighting systems; fixing leaks or structural damages; and ensuring that WASH facilities are properly maintained.","These measures are conducted to ensuring that displaced people live in safe, dignified, and stable conditions. Beyond restoring basic functionality, these interventions are critical for protection: they reduce health risks linked to mold and poor sanitation, prevent accidents caused by unsafe wiring or damaged structures, and safeguard privacy and security through properly functioning doors and locks. By preventing small problems from escalating into major risks, maintenance works directly support the well-being, safety, and dignity of residents in collective centers.",Acted,9832.62,Unearmarked,Completed,2022,2023,,,,
RAC_17_2,RAC,RAC UID 17 - Winterization,Cahul,Cahul,"Cahul, str. Victoriei 5",45.903246,28.191599,Collective center,ATAS South,"Winterization activities in collective centers focus on keeping facilities safe and livable during the cold season. They include insulating and repairing windows and doors, sealing drafts to prevent heat loss, maintaining heating systems, and addressing minor structural issues. These measures ensure that RACs provide warmer, safer, and more dignified living conditions for residents throughout the winter months.","Winterization is an intervention that aims to safeguard the health, dignity, and well-being of displaced people. By reducing exposure to life-threatening cold, it helps prevent illness, strengthens protection, and allows families to live in safety and stability during winter.",Acted,11934.07,Unearmarked,Completed,2022,2022,,,,
RAC_18_1,RAC,RAC UID 18 - Small Repairs & Maintenance,Orhei,Orhei,"Peresecina, Community Multifunctional Center “Generația PRO",47.247165,28.763124,Collective center,ATAS Center East,"Small Repairs, Maintenance both small and major — in collective centers are essential to keeping facilities safe, functional, and protective. Activities include repairing or replacing doors, windows, and locks; addressing plumbing and electrical issues; maintaining heating and lighting systems; fixing leaks or structural damages; and ensuring that WASH facilities are properly maintained.","These measures are conducted to ensuring that displaced people live in safe, dignified, and stable conditions. Beyond restoring basic functionality, these interventions are critical for protection: they reduce health risks linked to mold and poor sanitation, prevent accidents caused by unsafe wiring or damaged structures, and safeguard privacy and security through properly functioning doors and locks. By preventing small problems from escalating into major risks, maintenance works directly support the well-being, safety, and dignity of residents in collective centers.",Acted,3105.66,Unearmarked,Completed,2022,2023,,,,
RAC_18_2,RAC,RAC UID 18 - Winterization,Orhei,Orhei,"Peresecina, Community Multifunctional Center “Generația PRO",47.247165,28.763124,Collective center,ATAS Center East,"Winterization activities in collective centers focus on keeping facilities safe and livable during the cold season. They include insulating and repairing windows and doors, sealing drafts to prevent heat loss, maintaining heating systems, and addressing minor structural issues. These measures ensure that RACs provide warmer, safer, and more dignified living conditions for residents throughout the winter months.","Winterization is an intervention that aims to safeguard the health, dignity, and well-being of displaced people. By reducing exposure to life-threatening cold, it helps prevent illness, strengthens protection, and allows families to live in safety and stability during winter.",Acted,1980.19,Unearmarked,Completed,2022,2022,,,,
RAC_19_1,RAC,RAC UID 19 - Small Repairs & Maintenance,Cahul,Cahul,"Cahul, str. C-tin Negruzzi 133",45.913309,28.205711,Collective center,ATAS Sauth,"Small Repairs, Maintenance both small and major — in collective centers are essential to keeping facilities safe, functional, and protective. Activities include repairing or replacing doors, windows, and locks; addressing plumbing and electrical issues; maintaining heating and lighting systems; fixing leaks or structural damages; and ensuring that WASH facilities are properly maintained.","These measures are conducted to ensuring that displaced people live in safe, dignified, and stable conditions. Beyond restoring basic functionality, these interventions are critical for protection: they reduce health risks linked to mold and poor sanitation, prevent accidents caused by unsafe wiring or damaged structures, and safeguard privacy and security through properly functioning doors and locks. By preventing small problems from escalating into major risks, maintenance works directly support the well-being, safety, and dignity of residents in collective centers.",Acted,8213.31,Unearmarked,Completed,2022,2023,,,,
RAC_21_3,RAC,RAC UID 21 - Appliance,Telenesti,Sratenii Vechi,"R-nul Telenești, sat. Sărătenii Vechi",47.537844,28.565414,Collective center,ATAS Center-East,"Appliance: The provision and maintenance of basic appliances in collective centers providing refrigerators, stoves, washing machines, driers and other essential household equipment. These interventions ensure that residents can prepare food safely, store perishable items, and maintain personal hygiene. Regular maintenance and replacement of malfunctioning appliances are integral to keeping communal facilities functional and safe.","Functional appliances are critical to maintaining safe and dignified living conditions. They reduce health risks linked to poor food storage and inadequate sanitation, support self-reliance and daily routines, and improve residents’ quality of life. By enabling families to cook, clean, and live safely, appliances contribute to restoring a sense of normalcy, stability, and dignity within the collective centers",Acted,861.97,Unearmarked,Completed,2024,2024,,,,
RAC_21_1,RAC,RAC UID 21 - Small Repairs & Maintenance,Telenesti,Sratenii Vechi,"R-nul Telenești, sat. Sărătenii Vechi",47.537844,28.565414,Collective center,ATAS Center-East,"Small Repairs, Maintenance both small and major — in collective centers are essential to keeping facilities safe, functional, and protective. Activities include repairing or replacing doors, windows, and locks; addressing plumbing and electrical issues; maintaining heating and lighting systems; fixing leaks or structural damages; and ensuring that WASH facilities are properly maintained. - MDL 184,029.94 | Small Repairs, Maintenance both small and major — in collective centers are essential to keeping facilities safe, functional, and protective. Activities include repairing or replacing doors, windows, and locks; addressing plumbing and electrical issues; maintaining heating and lighting systems; fixing leaks or structural damages; and ensuring that WASH facilities are properly maintained.","These measures are conducted to ensuring that displaced people live in safe, dignified, and stable conditions. Beyond restoring basic functionality, these interventions are critical for protection: they reduce health risks linked to mold and poor sanitation, prevent accidents caused by unsafe wiring or damaged structures, and safeguard privacy and security through properly functioning doors and locks. By preventing small problems from escalating into major risks, maintenance works directly support the well-being, safety, and dignity of residents in collective centers.",Acted,22882.37,Unearmarked,Completed,2022,2024,,,,
RAC_21_2,RAC,RAC UID 21 - Winterization,Telenesti,Telenesti,"R-nul Telenești, sat. Sărătenii Vechi",47.537803,28.565056,Collective center,ATAS Center-East,"Winterization activities in collective centers focus on keeping facilities safe and livable during the cold season. They include insulating and repairing windows and doors, sealing drafts to prevent heat loss, maintaining heating systems, and addressing minor structural issues. These measures ensure that RACs provide warmer, safer, and more dignified living conditions for residents throughout the winter months. - MDL 43,741.75","Winterization is an intervention that aims to safeguard the health, dignity, and well-being of displaced people. By reducing exposure to life-threatening cold, it helps prevent illness, strengthens protection, and allows families to live in safety and stability during winter.",Acted,2416.94,Unearmarked,Completed,2024,2024,,,,
RAC_26_3,RAC,RAC UID 26 - Appliance,Anenii Noi,Bulboaca,"R-nul. Anenii Noi. sat. Bulboaca, r-nul Anenii Noi",46.884914,29.312417,Collective center,ATAS South-East,"Appliance: The provision and maintenance of basic appliances in collective centers providing refrigerators, stoves, washing machines, driers and other essential household equipment. These interventions ensure that residents can prepare food safely, store perishable items, and maintain personal hygiene. Regular maintenance and replacement of malfunctioning appliances are integral to keeping communal facilities functional and safe.","Functional appliances are critical to maintaining safe and dignified living conditions. They reduce health risks linked to poor food storage and inadequate sanitation, support self-reliance and daily routines, and improve residents’ quality of life. By enabling families to cook, clean, and live safely, appliances contribute to restoring a sense of normalcy, stability, and dignity within the collective centers",Acted,1857.66,Unearmarked,Completed,2024,2024,,,,
RAC_26_4,RAC,RAC UID 26 - Furniture,Anenii Noi,Bulboaca,"R-nul. Anenii Noi. sat. Bulboaca, r-nul Anenii Noi",46.884914,29.312417,Collective center,ATAS South-East,Furniture - Chairs: Furniture provision in collective centers focused on the distribution of chairs for residents in common areas and individual rooms. This activity supported to maintain basic comfort and functionality within the centers.,Adequate furniture directly enhances residents’ well-being by improving space in personal space and common areas. It allows families to create a sense of home confort and stability even in temporary accommodation.,Acted,267.75,Unearmarked,Completed,2023,2023,,,,
RAC_26_1,RAC,RAC UID 26 - Small Repairs & Maintenance,Anenii Noi,Bulboaca,"R-nul. Anenii Noi. sat. Bulboaca, r-nul Anenii Noi",46.884914,29.312417,Collective center,ATAS South-East,"Small Repairs, Maintenance both small and major — in collective centers are essential to keeping facilities safe, functional, and protective. Activities include repairing or replacing doors, windows, and locks; addressing plumbing and electrical issues; maintaining heating and lighting systems; fixing leaks or structural damages; and ensuring that WASH facilities are properly maintained. - MDL 96,575.33 | Small Repairs, Maintenance both small and major — in collective centers are essential to keeping facilities safe, functional, and protective. Activities include repairing or replacing doors, windows, and locks; addressing plumbing and electrical issues; maintaining heating and lighting systems; fixing leaks or structural damages; and ensuring that WASH facilities are properly maintained.","These measures are conducted to ensuring that displaced people live in safe, dignified, and stable conditions. Beyond restoring basic functionality, these interventions are critical for protection: they reduce health risks linked to mold and poor sanitation, prevent accidents caused by unsafe wiring or damaged structures, and safeguard privacy and security through properly functioning doors and locks. By preventing small problems from escalating into major risks, maintenance works directly support the well-being, safety, and dignity of residents in collective centers.",Acted,45538.24,Unearmarked,Completed,2022,2024,,,,
RAC_26_2,RAC,RAC UID 26 - Winterization,Anenii Noi,Bulboaca,"R-nul. Anenii Noi. sat. Bulboaca, r-nul Anenii Noi",46.884722,29.312363,Collective center,ATAS South-East,"Winterization activities in collective centers focus on keeping facilities safe and livable during the cold season. They include insulating and repairing windows and doors, sealing drafts to prevent heat loss, maintaining heating systems, and addressing minor structural issues. These measures ensure that RACs provide warmer, safer, and more dignified living conditions for residents throughout the winter months.- MDL 33,751.78","Winterization is an intervention that aims to safeguard the health, dignity, and well-being of displaced people. By reducing exposure to life-threatening cold, it helps prevent illness, strengthens protection, and allows families to live in safety and stability during winter.",Acted,1864.95,Unearmarked,Completed,2024,2024,,,,
RAC_27_3,RAC,RAC UID 27 - Appliance,Nisporeni,Nisporeni,"Or. Nisporeni, str. Suveranității 26",47.083496,28.175891,Collective center,ATAS Center-West,"Appliance: The provision and maintenance of basic appliances in collective centers providing refrigerators, stoves, washing machines, driers and other essential household equipment. These interventions ensure that residents can prepare food safely, store perishable items, and maintain personal hygiene. Regular maintenance and replacement of malfunctioning appliances are integral to keeping communal facilities functional and safe.","Functional appliances are critical to maintaining safe and dignified living conditions. They reduce health risks linked to poor food storage and inadequate sanitation, support self-reliance and daily routines, and improve residents’ quality of life. By enabling families to cook, clean, and live safely, appliances contribute to restoring a sense of normalcy, stability, and dignity within the collective centers",Acted,2084.54,Unearmarked,Completed,2024,2024,,,,
RAC_27_1,RAC,RAC UID 27 - Small Repairs & Maintenance,Nisporeni,Nisporeni,"Or. Nisporeni, str. Suveranității 26",47.083496,28.175891,Collective center,ATAS Center-West,"Small Repairs, Maintenance both small and major — in collective centers are essential to keeping facilities safe, functional, and protective. Activities include repairing or replacing doors, windows, and locks; addressing plumbing and electrical issues; maintaining heating and lighting systems; fixing leaks or structural damages; and ensuring that WASH facilities are properly maintained.- MDL 133,645.36 | Small Repairs, Maintenance both small and major — in collective centers are essential to keeping facilities safe, functional, and protective. Activities include repairing or replacing doors, windows, and locks; addressing plumbing and electrical issues; maintaining heating and lighting systems; fixing leaks or structural damages; and ensuring that WASH facilities are properly maintained.","These measures are conducted to ensuring that displaced people live in safe, dignified, and stable conditions. Beyond restoring basic functionality, these interventions are critical for protection: they reduce health risks linked to mold and poor sanitation, prevent accidents caused by unsafe wiring or damaged structures, and safeguard privacy and security through properly functioning doors and locks. By preventing small problems from escalating into major risks, maintenance works directly support the well-being, safety, and dignity of residents in collective centers.",Acted,21648.40,Unearmarked,Completed,2022,2024,,,,
RAC_27_2,RAC,RAC UID 27 - Winterization,Nisporeni,Nisporeni,"Or. Nisporeni, str. Suveranității 26",46.992507,28.853461,Collective center,ATAS Center-West,"Winterization activities in collective centers focus on keeping facilities safe and livable during the cold season. They include insulating and repairing windows and doors, sealing drafts to prevent heat loss, maintaining heating systems, and addressing minor structural issues. These measures ensure that RACs provide warmer, safer, and more dignified living conditions for residents throughout the winter months.- MDL 14,661.5","Winterization is an intervention that aims to safeguard the health, dignity, and well-being of displaced people. By reducing exposure to life-threatening cold, it helps prevent illness, strengthens protection, and allows families to live in safety and stability during winter.",Acted,810.12,Unearmarked,Completed,2024,2024,,,,
RAC_34_1,RAC,RAC UID 34 - Small Repairs & Maintenance,Anenii-Noi,Anenii-Noi,"Anenii-Noi, Piata 31 August",46.881039,29.231357,Collective center,ATAS South - East,"Small Repairs, Maintenance both small and major — in collective centers are essential to keeping facilities safe, functional, and protective. Activities include repairing or replacing doors, windows, and locks; addressing plumbing and electrical issues; maintaining heating and lighting systems; fixing leaks or structural damages; and ensuring that WASH facilities are properly maintained.","These measures are conducted to ensuring that displaced people live in safe, dignified, and stable conditions. Beyond restoring basic functionality, these interventions are critical for protection: they reduce health risks linked to mold and poor sanitation, prevent accidents caused by unsafe wiring or damaged structures, and safeguard privacy and security through properly functioning doors and locks. By preventing small problems from escalating into major risks, maintenance works directly support the well-being, safety, and dignity of residents in collective centers.",Acted,1947.06,Unearmarked,Completed,2022,2023,,,,
RAC_34_2,RAC,RAC UID 34 - Winterization,Anenii-Noi,Anenii-Noi,"Anenii-Noi, Piata 31 August",46.881039,29.231357,Collective center,ATAS South - East,"Winterization activities in collective centers focus on keeping facilities safe and livable during the cold season. They include insulating and repairing windows and doors, sealing drafts to prevent heat loss, maintaining heating systems, and addressing minor structural issues. These measures ensure that RACs provide warmer, safer, and more dignified living conditions for residents throughout the winter months.","Winterization is an intervention that aims to safeguard the health, dignity, and well-being of displaced people. By reducing exposure to life-threatening cold, it helps prevent illness, strengthens protection, and allows families to live in safety and stability during winter.",Acted,3387.84,Unearmarked,Completed,2022,2022,,,,
RAC_35_3,RAC,RAC UID 35 - Appliance,Chisinau,Chisinau,"Mun. Chișinău str. Zelinski, 15",46.992507,28.853461,Collective center,State Enterprise “SPB CONSTRUCTORUL”,"Appliance: The provision and maintenance of basic appliances in collective centers providing refrigerators, stoves, washing machines, driers and other essential household equipment. These interventions ensure that residents can prepare food safely, store perishable items, and maintain personal hygiene. Regular maintenance and replacement of malfunctioning appliances are integral to keeping communal facilities functional and safe.","Functional appliances are critical to maintaining safe and dignified living conditions. They reduce health risks linked to poor food storage and inadequate sanitation, support self-reliance and daily routines, and improve residents’ quality of life. By enabling families to cook, clean, and live safely, appliances contribute to restoring a sense of normalcy, stability, and dignity within the collective centers",Acted,4070.95,Unearmarked,Completed,2024,2024,,,,
RAC_35_4,RAC,RAC UID 35 - Furniture,Chisinau,Chisinau,"Mun. Chișinău str. Zelinski, 15",46.992507,28.853461,Collective center,State Enterprise “SPB CONSTRUCTORUL”,Furniture - Chairs: Furniture provision in collective centers focused on the distribution of chairs for residents in common areas and individual rooms. This activity supported to maintain basic comfort and functionality within the centers.,Adequate furniture directly enhances residents’ well-being by improving space in personal space and common areas. It allows families to create a sense of home confort and stability even in temporary accommodation.,Acted,401.63,Unearmarked,Completed,2023,2023,,,,
RAC_35_1,RAC,RAC UID 35 - Small Repairs & Maintenance,Chisinau,Chisinau,"Mun. Chișinău str. Zelinski, 15",46.992507,28.853461,Collective center,State Enterprise “SPB CONSTRUCTORUL”,"Small Repairs, Maintenance both small and major — in collective centers are essential to keeping facilities safe, functional, and protective. Activities include repairing or replacing doors, windows, and locks; addressing plumbing and electrical issues; maintaining heating and lighting systems; fixing leaks or structural damages; and ensuring that WASH facilities are properly maintained. - MDL 23,271.49 | Small Repairs, Maintenance both small and major — in collective centers are essential to keeping facilities safe, functional, and protective. Activities include repairing or replacing doors, windows, and locks; addressing plumbing and electrical issues; maintaining heating and lighting systems; fixing leaks or structural damages; and ensuring that WASH facilities are properly maintained.","These measures are conducted to ensuring that displaced people live in safe, dignified, and stable conditions. Beyond restoring basic functionality, these interventions are critical for protection: they reduce health risks linked to mold and poor sanitation, prevent accidents caused by unsafe wiring or damaged structures, and safeguard privacy and security through properly functioning doors and locks. By preventing small problems from escalating into major risks, maintenance works directly support the well-being, safety, and dignity of residents in collective centers.",Acted,13047.47,Unearmarked,Completed,2022,2024,,,,
RAC_36_3,RAC,RAC UID 36 - Appliance,Chisinau,Chisinau,Mun. Chișinău str. Doina 104,47.058216,28.839317,Collective center,Moldova State University,"Appliance: The provision and maintenance of basic appliances in collective centers providing refrigerators, stoves, washing machines, driers and other essential household equipment. These interventions ensure that residents can prepare food safely, store perishable items, and maintain personal hygiene. Regular maintenance and replacement of malfunctioning appliances are integral to keeping communal facilities functional and safe.","Functional appliances are critical to maintaining safe and dignified living conditions. They reduce health risks linked to poor food storage and inadequate sanitation, support self-reliance and daily routines, and improve residents’ quality of life. By enabling families to cook, clean, and live safely, appliances contribute to restoring a sense of normalcy, stability, and dignity within the collective centers",Acted,1702.73,Unearmarked,Completed,2024,2024,,,,
RAC_36_5,RAC,RAC UID 36 - Disinfection / Disinsection Services,Chisinau,Chisinau,Mun. Chișinău str. Doina 104,47.058216,28.839317,Collective center,Moldova State University,"Disinsection services, Disinfection activities in collective centers focus on safeguarding the health, dignity, and well-being of displaced people. Works include pest control to eliminate bed bugs, cockroaches, and other infestations, alongside thorough cleaning and treatment of living spaces, furniture, bedding, and sanitary facilities. These actions restore hygienic and safe conditions, prevent disease transmission, and uphold the dignity and comfort of residents living in collective settings. - MDL .29,000","The measure is vital for protecting the health, dignity, and well-being of displaced people. Eliminating infestations reduces the risk of disease, prevents allergic reactions or skin problems caused by bed bugs, and improves the overall sense of safety and comfort in the centers. Beyond health, it also contributes to protection by ensuring residents’ dignity, and mental well-being are not undermined by poor living conditions.",Acted,1602.39,Unearmarked,Completed,2024,2024,,,,
RAC_36_4,RAC,RAC UID 36 - Furniture,Chisinau,Chisinau,Mun. Chișinău str. Doina 104,47.058216,28.839317,Collective center,Moldova State University,Furniture - Chairs: Furniture provision in collective centers focused on the distribution of chairs for residents in common areas and individual rooms. This activity supported to maintain basic comfort and functionality within the centers.,Adequate furniture directly enhances residents’ well-being by improving space in personal space and common areas. It allows families to create a sense of home confort and stability even in temporary accommodation.,Acted,401.63,Unearmarked,Completed,2023,2023,,,,
RAC_36_1,RAC,RAC UID 36 - Small Repairs & Maintenance,Chisinau,Chisinau,Mun. Chișinău str. Doina 104,47.058216,28.839317,Collective center,Moldova State University,"Small Repairs, Maintenance both small and major — in collective centers are essential to keeping facilities safe, functional, and protective. Activities include repairing or replacing doors, windows, and locks; addressing plumbing and electrical issues; maintaining heating and lighting systems; fixing leaks or structural damages; and ensuring that WASH facilities are properly maintained. - MDL 80,499.14 | Small Repairs, Maintenance both small and major — in collective centers are essential to keeping facilities safe, functional, and protective. Activities include repairing or replacing doors, windows, and locks; addressing plumbing and electrical issues; maintaining heating and lighting systems; fixing leaks or structural damages; and ensuring that WASH facilities are properly maintained.","These measures are conducted to ensuring that displaced people live in safe, dignified, and stable conditions. Beyond restoring basic functionality, these interventions are critical for protection: they reduce health risks linked to mold and poor sanitation, prevent accidents caused by unsafe wiring or damaged structures, and safeguard privacy and security through properly functioning doors and locks. By preventing small problems from escalating into major risks, maintenance works directly support the well-being, safety, and dignity of residents in collective centers.",Acted,320563.32,Unearmarked,Completed,2022,2024,,,,
RAC_37_1,RAC,RAC UID 37 - Small Repairs & Maintenance,Telenesti,Telenesti,"village Cazanesti, Dormitory of the A. Păunescu Theoretical Lyceum",47.621343,28.475354,Collective center,ATAS Center West,"Small Repairs, Maintenance both small and major — in collective centers are essential to keeping facilities safe, functional, and protective. Activities include repairing or replacing doors, windows, and locks; addressing plumbing and electrical issues; maintaining heating and lighting systems; fixing leaks or structural damages; and ensuring that WASH facilities are properly maintained.","These measures are conducted to ensuring that displaced people live in safe, dignified, and stable conditions. Beyond restoring basic functionality, these interventions are critical for protection: they reduce health risks linked to mold and poor sanitation, prevent accidents caused by unsafe wiring or damaged structures, and safeguard privacy and security through properly functioning doors and locks. By preventing small problems from escalating into major risks, maintenance works directly support the well-being, safety, and dignity of residents in collective centers.",Acted,7384.81,Unearmarked,Completed,2022,2023,,,,
RAC_41_4,RAC,RAC UID 41 - Furniture,Drochia,Drochia,"Or. Drochia, str. Alexandru cel Bun, 21",48.030692,27.826613,Collective center,ATAS North - East,Furniture - Chairs: Furniture provision in collective centers focused on the distribution of chairs for residents in common areas and individual rooms. This activity supported to maintain basic comfort and functionality within the centers.,Adequate furniture directly enhances residents’ well-being by improving space in personal space and common areas. It allows families to create a sense of home confort and stability even in temporary accommodation.,Acted,267.75,Unearmarked,Completed,2023,2023,,,,
RAC_41_1,RAC,RAC UID 41 - Small Repairs & Maintenance,Drochia,Drochia,"Or. Drochia, str. Alexandru cel Bun, 21",48.030692,27.826613,Collective center,ATAS North - East,"Small Repairs, Maintenance both small and major — in collective centers are essential to keeping facilities safe, functional, and protective. Activities include repairing or replacing doors, windows, and locks; addressing plumbing and electrical issues; maintaining heating and lighting systems; fixing leaks or structural damages; and ensuring that WASH facilities are properly maintained.- MDL 69,410.33 | Small Repairs, Maintenance both small and major — in collective centers are essential to keeping facilities safe, functional, and protective. Activities include repairing or replacing doors, windows, and locks; addressing plumbing and electrical issues; maintaining heating and lighting systems; fixing leaks or structural damages; and ensuring that WASH facilities are properly maintained.","These measures are conducted to ensuring that displaced people live in safe, dignified, and stable conditions. Beyond restoring basic functionality, these interventions are critical for protection: they reduce health risks linked to mold and poor sanitation, prevent accidents caused by unsafe wiring or damaged structures, and safeguard privacy and security through properly functioning doors and locks. By preventing small problems from escalating into major risks, maintenance works directly support the well-being, safety, and dignity of residents in collective centers.",Acted,69131.47,Unearmarked,Completed,2022,2024,,,,
RAC_41_2,RAC,RAC UID 41 - Winterization,Drochia,Drochia,"Or. Drochia, str. Alexandru cel Bun, 21",48.030692,27.826613,Collective center,ATAS North - East,"Winterization activities in collective centers focus on keeping facilities safe and livable during the cold season. They include insulating and repairing windows and doors, sealing drafts to prevent heat loss, maintaining heating systems, and addressing minor structural issues. These measures ensure that RACs provide warmer, safer, and more dignified living conditions for residents throughout the winter months.- MDL 38,936.71","Winterization is an intervention that aims to safeguard the health, dignity, and well-being of displaced people. By reducing exposure to life-threatening cold, it helps prevent illness, strengthens protection, and allows families to live in safety and stability during winter.",Acted,2151.44,Unearmarked,Completed,2024,2024,,,,
RAC_42_1,RAC,RAC UID 42 - Small Repairs & Maintenance,Hancesti,Hancesti,"Hancesti, village Carpineni, str. Independentei 2346.7618551351176, 28.35742499186513",46.761855,28.357425,Collective center,Carpineni Municipality,"Small Repairs, Maintenance both small and major — in collective centers are essential to keeping facilities safe, functional, and protective. Activities include repairing or replacing doors, windows, and locks; addressing plumbing and electrical issues; maintaining heating and lighting systems; fixing leaks or structural damages; and ensuring that WASH facilities are properly maintained.","These measures are conducted to ensuring that displaced people live in safe, dignified, and stable conditions. Beyond restoring basic functionality, these interventions are critical for protection: they reduce health risks linked to mold and poor sanitation, prevent accidents caused by unsafe wiring or damaged structures, and safeguard privacy and security through properly functioning doors and locks. By preventing small problems from escalating into major risks, maintenance works directly support the well-being, safety, and dignity of residents in collective centers.",Acted,15037.86,Unearmarked,Completed,2023,2023,,,,
RAC_43_6,RAC,RAC UID 43 - Decommissioning,Balti,Balti,"Mun. Balti, str. Mihail Sadoveanu 1",47.757261,27.925759,Collective center,Bălți Municipality City Hall,"Decommission of collective centers is a planned process that takes place after a facility closes. It includes cleaning and disinfecting the premises, conducting necessary small repairs, and restoring the site for its original purpose or adapting it for alternative use. These works ensure that the space is left in a safe, functional, and hygienic condition, ready for handover to local authorities, communities, or owners. MDL 346,713.","Decommissioning plays a crucial role in ensuring an orderly closure of collective centers. Returning facilities in safe and usable condition, prevents health or safety risks and demonstrates accountability and respect toward the institutions and communities that made these spaces available. The process ensures the facility is returned to host communities and local authorities in a safe and functional condition",Acted,19157.53,Unearmarked,Completed,2024,2024,,,,
RAC_43_4,RAC,RAC UID 43 - Furniture,Balti,Balti,"Mun. Balti, str. Mihail Sadoveanu 1",47.757261,27.925759,Collective center,Bălți Municipality City Hall,Furniture - Chairs: Furniture provision in collective centers focused on the distribution of chairs for residents in common areas and individual rooms. This activity supported to maintain basic comfort and functionality within the centers.,Adequate furniture directly enhances residents’ well-being by improving space in personal space and common areas. It allows families to create a sense of home confort and stability even in temporary accommodation.,Acted,401.63,Unearmarked,Completed,2023,2023,,,,
RAC_43_1,RAC,RAC UID 43 - Small Repairs & Maintenance,Balti,Balti,"Mun. Balti, str. Mihail Sadoveanu 1",47.757261,27.925759,Collective center,Bălți Municipality City Hall,"Small Repairs, Maintenance both small and major — in collective centers are essential to keeping facilities safe, functional, and protective. Activities include repairing or replacing doors, windows, and locks; addressing plumbing and electrical issues; maintaining heating and lighting systems; fixing leaks or structural damages; and ensuring that WASH facilities are properly maintained.","These measures are conducted to ensuring that displaced people live in safe, dignified, and stable conditions. Beyond restoring basic functionality, these interventions are critical for protection: they reduce health risks linked to mold and poor sanitation, prevent accidents caused by unsafe wiring or damaged structures, and safeguard privacy and security through properly functioning doors and locks. By preventing small problems from escalating into major risks, maintenance works directly support the well-being, safety, and dignity of residents in collective centers.",Acted,24622.99,Unearmarked,Completed,2022,2023,,,,
RAC_43_2,RAC,RAC UID 43 - Winterization,Balti,Balti,"Mun. Balti, str. Mihail Sadoveanu 1",47.757261,27.925759,Collective center,Bălți Municipality City Hall,"Winterization activities in collective centers focus on keeping facilities safe and livable during the cold season. They include insulating and repairing windows and doors, sealing drafts to prevent heat loss, maintaining heating systems, and addressing minor structural issues. These measures ensure that RACs provide warmer, safer, and more dignified living conditions for residents throughout the winter months.","Winterization is an intervention that aims to safeguard the health, dignity, and well-being of displaced people. By reducing exposure to life-threatening cold, it helps prevent illness, strengthens protection, and allows families to live in safety and stability during winter.",Acted,50904.32,Unearmarked,Completed,2022,2022,,,,
RAC_44_6,RAC,RAC UID 44 - Decommissioning,Ialoveni,Costesti,"R-nul Ialoveni, sat. Costești, Clădirea fostului spital Costești",46.866856,28.768985,Collective center,Costești Village Hall,"Decommission of collective centers is a planned process that takes place after a facility closes. It includes cleaning and disinfecting the premises, conducting necessary small repairs, and restoring the site for its original purpose or adapting it for alternative use. These works ensure that the space is left in a safe, functional, and hygienic condition, ready for handover to local authorities, communities, or owners. MDL 136,915.","Decommissioning plays a crucial role in ensuring an orderly closure of collective centers. Returning facilities in safe and usable condition, prevents health or safety risks and demonstrates accountability and respect toward the institutions and communities that made these spaces available. The process ensures the facility is returned to host communities and local authorities in a safe and functional condition",Acted,7565.20,Unearmarked,Completed,2024,2024,,,,
RAC_44_1,RAC,RAC UID 44 - Small Repairs & Maintenance,Ialoveni,Costesti,"R-nul Ialoveni, sat. Costești, Clădirea fostului spital Costești",46.866856,28.768985,Collective center,Costești Village Hall,"Small Repairs, Maintenance both small and major — in collective centers are essential to keeping facilities safe, functional, and protective. Activities include repairing or replacing doors, windows, and locks; addressing plumbing and electrical issues; maintaining heating and lighting systems; fixing leaks or structural damages; and ensuring that WASH facilities are properly maintained. - MDL 28,198.38 | Small Repairs, Maintenance both small and major — in collective centers are essential to keeping facilities safe, functional, and protective. Activities include repairing or replacing doors, windows, and locks; addressing plumbing and electrical issues; maintaining heating and lighting systems; fixing leaks or structural damages; and ensuring that WASH facilities are properly maintained.","These measures are conducted to ensuring that displaced people live in safe, dignified, and stable conditions. Beyond restoring basic functionality, these interventions are critical for protection: they reduce health risks linked to mold and poor sanitation, prevent accidents caused by unsafe wiring or damaged structures, and safeguard privacy and security through properly functioning doors and locks. By preventing small problems from escalating into major risks, maintenance works directly support the well-being, safety, and dignity of residents in collective centers.",Acted,214010.06,Unearmarked,Completed,2022,2024,,,,
RAC_44_2,RAC,RAC UID 44 - Winterization,Ialoveni,Costesti,"R-nul Ialoveni, sat. Costești, Clădirea fostului spital Costești",46.866856,28.768985,Collective center,Costești Village Hall,"Winterization activities in collective centers focus on keeping facilities safe and livable during the cold season. They include insulating and repairing windows and doors, sealing drafts to prevent heat loss, maintaining heating systems, and addressing minor structural issues. These measures ensure that RACs provide warmer, safer, and more dignified living conditions for residents throughout the winter months.","Winterization is an intervention that aims to safeguard the health, dignity, and well-being of displaced people. By reducing exposure to life-threatening cold, it helps prevent illness, strengthens protection, and allows families to live in safety and stability during winter.",Acted,48877.99,Unearmarked,Completed,2022,2022,,,,
RAC_48_3,RAC,RAC UID 48 - Appliance,Criuleni,Criuleni,"Or. Criuleni, 31 August, nr. 130",47.207228,29.157911,Collective center,IP Criuleni Vocational School,"Appliance: The provision and maintenance of basic appliances in collective centers providing refrigerators, stoves, washing machines, driers and other essential household equipment. These interventions ensure that residents can prepare food safely, store perishable items, and maintain personal hygiene. Regular maintenance and replacement of malfunctioning appliances are integral to keeping communal facilities functional and safe.","Functional appliances are critical to maintaining safe and dignified living conditions. They reduce health risks linked to poor food storage and inadequate sanitation, support self-reliance and daily routines, and improve residents’ quality of life. By enabling families to cook, clean, and live safely, appliances contribute to restoring a sense of normalcy, stability, and dignity within the collective centers",Acted,850.92,Unearmarked,Completed,2024,2024,,,,
RAC_48_1,RAC,RAC UID 48 - Small Repairs & Maintenance,Criuleni,Criuleni,"Or. Criuleni, 31 August, nr. 130",47.207228,29.157911,Collective center,IP Criuleni Vocational School,"Small Repairs, Maintenance both small and major — in collective centers are essential to keeping facilities safe, functional, and protective. Activities include repairing or replacing doors, windows, and locks; addressing plumbing and electrical issues; maintaining heating and lighting systems; fixing leaks or structural damages; and ensuring that WASH facilities are properly maintained. - MDL 102,119.97 | Small Repairs, Maintenance both small and major — in collective centers are essential to keeping facilities safe, functional, and protective. Activities include repairing or replacing doors, windows, and locks; addressing plumbing and electrical issues; maintaining heating and lighting systems; fixing leaks or structural damages; and ensuring that WASH facilities are properly maintained.","These measures are conducted to ensuring that displaced people live in safe, dignified, and stable conditions. Beyond restoring basic functionality, these interventions are critical for protection: they reduce health risks linked to mold and poor sanitation, prevent accidents caused by unsafe wiring or damaged structures, and safeguard privacy and security through properly functioning doors and locks. By preventing small problems from escalating into major risks, maintenance works directly support the well-being, safety, and dignity of residents in collective centers.",Acted,294876.89,Unearmarked,Completed,2022,2024,,,,
RAC_48_2,RAC,RAC UID 48 - Winterization,Criuleni,Criuleni,"Or. Criuleni, 31 August, nr. 130",47.207228,29.157911,Collective center,IP Criuleni Vocational School,"Winterization activities in collective centers focus on keeping facilities safe and livable during the cold season. They include insulating and repairing windows and doors, sealing drafts to prevent heat loss, maintaining heating systems, and addressing minor structural issues. These measures ensure that RACs provide warmer, safer, and more dignified living conditions for residents throughout the winter months.- MDL 15,996.57 | Winterization activities in collective centers focus on keeping facilities safe and livable during the cold season. They include insulating and repairing windows and doors, sealing drafts to prevent heat loss, maintaining heating systems, and addressing minor structural issues. These measures ensure that RACs provide warmer, safer, and more dignified living conditions for residents throughout the winter months.","Winterization is an intervention that aims to safeguard the health, dignity, and well-being of displaced people. By reducing exposure to life-threatening cold, it helps prevent illness, strengthens protection, and allows families to live in safety and stability during winter.",Acted,3328.46,Unearmarked,Completed,2022,2024,,,,
RAC_51_3,RAC,RAC UID 51 - Appliance,Hincesti,Sarata Galbena,"R-nul Hîncești, sat. sărata Galbenă, str. Emanuel 5",46.737738,28.512120,Collective center,Faith-based organization,"Appliance: The provision and maintenance of basic appliances in collective centers providing refrigerators, stoves, washing machines, driers and other essential household equipment. These interventions ensure that residents can prepare food safely, store perishable items, and maintain personal hygiene. Regular maintenance and replacement of malfunctioning appliances are integral to keeping communal facilities functional and safe.","Functional appliances are critical to maintaining safe and dignified living conditions. They reduce health risks linked to poor food storage and inadequate sanitation, support self-reliance and daily routines, and improve residents’ quality of life. By enabling families to cook, clean, and live safely, appliances contribute to restoring a sense of normalcy, stability, and dignity within the collective centers",Acted,1888.61,Unearmarked,Completed,2024,2024,,,,
RAC_51_1,RAC,RAC UID 51 - Small Repairs & Maintenance,Hincesti,Sarata Galbena,"R-nul Hîncești, sat. sărata Galbenă, str. Emanuel 5",46.737738,28.512120,Collective center,Faith-based organization,"Small Repairs, Maintenance both small and major — in collective centers are essential to keeping facilities safe, functional, and protective. Activities include repairing or replacing doors, windows, and locks; addressing plumbing and electrical issues; maintaining heating and lighting systems; fixing leaks or structural damages; and ensuring that WASH facilities are properly maintained. - MDL 50,571.24","These measures are conducted to ensuring that displaced people live in safe, dignified, and stable conditions. Beyond restoring basic functionality, these interventions are critical for protection: they reduce health risks linked to mold and poor sanitation, prevent accidents caused by unsafe wiring or damaged structures, and safeguard privacy and security through properly functioning doors and locks. By preventing small problems from escalating into major risks, maintenance works directly support the well-being, safety, and dignity of residents in collective centers.",Acted,2794.30,Unearmarked,Completed,2024,2024,,,,
RAC_54_1,RAC,RAC UID 54 - Small Repairs & Maintenance,Floresti,Floresti,"Floresti, village Stefanesti",47.734167,28.440097,Collective center,ATAS North,"Small Repairs, Maintenance both small and major — in collective centers are essential to keeping facilities safe, functional, and protective. Activities include repairing or replacing doors, windows, and locks; addressing plumbing and electrical issues; maintaining heating and lighting systems; fixing leaks or structural damages; and ensuring that WASH facilities are properly maintained.","These measures are conducted to ensuring that displaced people live in safe, dignified, and stable conditions. Beyond restoring basic functionality, these interventions are critical for protection: they reduce health risks linked to mold and poor sanitation, prevent accidents caused by unsafe wiring or damaged structures, and safeguard privacy and security through properly functioning doors and locks. By preventing small problems from escalating into major risks, maintenance works directly support the well-being, safety, and dignity of residents in collective centers.",Acted,11587.20,Unearmarked,Completed,2023,2023,,,,
RAC_54_2,RAC,RAC UID 54 - Winterization,Floresti,Floresti,"Floresti, village Stefanesti",47.734167,28.440097,Collective center,ATAS North,"Winterization activities in collective centers focus on keeping facilities safe and livable during the cold season. They include insulating and repairing windows and doors, sealing drafts to prevent heat loss, maintaining heating systems, and addressing minor structural issues. These measures ensure that RACs provide warmer, safer, and more dignified living conditions for residents throughout the winter months.","Winterization is an intervention that aims to safeguard the health, dignity, and well-being of displaced people. By reducing exposure to life-threatening cold, it helps prevent illness, strengthens protection, and allows families to live in safety and stability during winter.",Acted,9061.85,Unearmarked,Completed,2022,2022,,,,
RAC_55_1,RAC,RAC UID 55 - Small Repairs & Maintenance,Chisinau,Chisinau,"Mun. Chisinau, str. Albisoara 86/3",47.038005,28.831843,Collective center,MEC (Ministry of Education and Culture),"Small Repairs, Maintenance both small and major — in collective centers are essential to keeping facilities safe, functional, and protective. Activities include repairing or replacing doors, windows, and locks; addressing plumbing and electrical issues; maintaining heating and lighting systems; fixing leaks or structural damages; and ensuring that WASH facilities are properly maintained.","These measures are conducted to ensuring that displaced people live in safe, dignified, and stable conditions. Beyond restoring basic functionality, these interventions are critical for protection: they reduce health risks linked to mold and poor sanitation, prevent accidents caused by unsafe wiring or damaged structures, and safeguard privacy and security through properly functioning doors and locks. By preventing small problems from escalating into major risks, maintenance works directly support the well-being, safety, and dignity of residents in collective centers.",Acted,29058.80,Unearmarked,Completed,2022,2023,,,,
RAC_56_1,RAC,RAC UID 56 - Small Repairs & Maintenance,Chisinau,Chisinau,"Mun. Chisinau, str. Albisoara 86/4",47.040406,28.834780,Collective center,MEC (Ministry of Education and Culture),"Small Repairs, Maintenance both small and major — in collective centers are essential to keeping facilities safe, functional, and protective. Activities include repairing or replacing doors, windows, and locks; addressing plumbing and electrical issues; maintaining heating and lighting systems; fixing leaks or structural damages; and ensuring that WASH facilities are properly maintained.","These measures are conducted to ensuring that displaced people live in safe, dignified, and stable conditions. Beyond restoring basic functionality, these interventions are critical for protection: they reduce health risks linked to mold and poor sanitation, prevent accidents caused by unsafe wiring or damaged structures, and safeguard privacy and security through properly functioning doors and locks. By preventing small problems from escalating into major risks, maintenance works directly support the well-being, safety, and dignity of residents in collective centers.",Acted,7669.13,Unearmarked,Completed,2022,2022,,,,
RAC_59_1,RAC,RAC UID 59 - Small Repairs & Maintenance,Riscani,Mihaileni,"R-nul Rîșcani, sat. Mihăileni",48.035928,27.617154,Collective center,ATAS North City Hall of Mihaileni village,"Small Repairs, Maintenance both small and major — in collective centers are essential to keeping facilities safe, functional, and protective. Activities include repairing or replacing doors, windows, and locks; addressing plumbing and electrical issues; maintaining heating and lighting systems; fixing leaks or structural damages; and ensuring that WASH facilities are properly maintained. - MDL 57,444.37 | Small Repairs, Maintenance both small and major — in collective centers are essential to keeping facilities safe, functional, and protective. Activities include repairing or replacing doors, windows, and locks; addressing plumbing and electrical issues; maintaining heating and lighting systems; fixing leaks or structural damages; and ensuring that WASH facilities are properly maintained.","These measures are conducted to ensuring that displaced people live in safe, dignified, and stable conditions. Beyond restoring basic functionality, these interventions are critical for protection: they reduce health risks linked to mold and poor sanitation, prevent accidents caused by unsafe wiring or damaged structures, and safeguard privacy and security through properly functioning doors and locks. By preventing small problems from escalating into major risks, maintenance works directly support the well-being, safety, and dignity of residents in collective centers.",Acted,7548.25,Unearmarked,Completed,2023,2024,,,,
RAC_59_2,RAC,RAC UID 59 - Winterization,Riscani,Mihaileni,"R-nul Rîșcani, sat. Mihăileni",48.035928,27.617154,Collective center,ATAS North City Hall of Mihaileni village,"Winterization activities in collective centers focus on keeping facilities safe and livable during the cold season. They include insulating and repairing windows and doors, sealing drafts to prevent heat loss, maintaining heating systems, and addressing minor structural issues. These measures ensure that RACs provide warmer, safer, and more dignified living conditions for residents throughout the winter months.","Winterization is an intervention that aims to safeguard the health, dignity, and well-being of displaced people. By reducing exposure to life-threatening cold, it helps prevent illness, strengthens protection, and allows families to live in safety and stability during winter.",Acted,3972.35,Unearmarked,Completed,2022,2022,,,,
RAC_62_2,RAC,RAC UID 62 - Winterization,Glodeni,Glodeni,"Glodeni, village Fundurii Vechi",47.735917,27.719449,Collective center,ATAS North,"Winterization activities in collective centers focus on keeping facilities safe and livable during the cold season. They include insulating and repairing windows and doors, sealing drafts to prevent heat loss, maintaining heating systems, and addressing minor structural issues. These measures ensure that RACs provide warmer, safer, and more dignified living conditions for residents throughout the winter months.","Winterization is an intervention that aims to safeguard the health, dignity, and well-being of displaced people. By reducing exposure to life-threatening cold, it helps prevent illness, strengthens protection, and allows families to live in safety and stability during winter.",Acted,16004.13,Unearmarked,Completed,2022,2022,,,,
RAC_64_1,RAC,RAC UID 64 - Small Repairs & Maintenance,Soroca,Soroca,"Soroca, village Volovita, Summer camp ""La Dumbrava""",48.108475,28.324913,Collective center,ATAS North,"Small Repairs, Maintenance both small and major — in collective centers are essential to keeping facilities safe, functional, and protective. Activities include repairing or replacing doors, windows, and locks; addressing plumbing and electrical issues; maintaining heating and lighting systems; fixing leaks or structural damages; and ensuring that WASH facilities are properly maintained.","These measures are conducted to ensuring that displaced people live in safe, dignified, and stable conditions. Beyond restoring basic functionality, these interventions are critical for protection: they reduce health risks linked to mold and poor sanitation, prevent accidents caused by unsafe wiring or damaged structures, and safeguard privacy and security through properly functioning doors and locks. By preventing small problems from escalating into major risks, maintenance works directly support the well-being, safety, and dignity of residents in collective centers.",Acted,1967.03,Unearmarked,Completed,2022,2022,,,,
RAC_65_1,RAC,RAC UID 65 - Small Repairs & Maintenance,Donduseni,Donduseni,"Or. Dondușeni, str. Ștefan cel Mare, 30",48.241111,27.606389,Collective center,ATAS North – East facility belongs to SA RED Nord,"Small Repairs, Maintenance both small and major — in collective centers are essential to keeping facilities safe, functional, and protective. Activities include repairing or replacing doors, windows, and locks; addressing plumbing and electrical issues; maintaining heating and lighting systems; fixing leaks or structural damages; and ensuring that WASH facilities are properly maintained. - MDL 134,277.48 | Small Repairs, Maintenance both small and major — in collective centers are essential to keeping facilities safe, functional, and protective. Activities include repairing or replacing doors, windows, and locks; addressing plumbing and electrical issues; maintaining heating and lighting systems; fixing leaks or structural damages; and ensuring that WASH facilities are properly maintained.","These measures are conducted to ensuring that displaced people live in safe, dignified, and stable conditions. Beyond restoring basic functionality, these interventions are critical for protection: they reduce health risks linked to mold and poor sanitation, prevent accidents caused by unsafe wiring or damaged structures, and safeguard privacy and security through properly functioning doors and locks. By preventing small problems from escalating into major risks, maintenance works directly support the well-being, safety, and dignity of residents in collective centers.",Acted,117006.01,Unearmarked,Completed,2022,2024,,,,
RAC_65_2,RAC,RAC UID 65 - Winterization,Donduseni,Donduseni,"Or. Dondușeni, str. Ștefan cel Mare, 30",48.241111,27.606389,Collective center,ATAS North – East facility belongs to SA RED Nord,"Winterization activities in collective centers focus on keeping facilities safe and livable during the cold season. They include insulating and repairing windows and doors, sealing drafts to prevent heat loss, maintaining heating systems, and addressing minor structural issues. These measures ensure that RACs provide warmer, safer, and more dignified living conditions for residents throughout the winter months.- MDL 46,739.59","Winterization is an interventin that aims to safeguard the health, dignity, and well-being of displaced people. By reducing exposure to life-threatening cold, it helps prevent illness, strengthens protection, and allows families to live in safety and stability during winter.",Acted,2582.58,Unearmarked,Completed,2024,2024,,,,
RAC_66_3,RAC,RAC UID 66 - Appliance,Straseni,Straseni,"R-nul Strășeni, sat. Cojușna, str. Mihai Viteazu, 38",47.092268,28.681398,Collective center,ATAS Center Town Hall of Popeasca village,"Appliance: The provision and maintenance of basic appliances in collective centers providing refrigerators, stoves, washing machines, driers and other essential household equipment. These interventions ensure that residents can prepare food safely, store perishable items, and maintain personal hygiene. Regular maintenance and replacement of malfunctioning appliances are integral to keeping communal facilities functional and safe.","Functional appliances are critical to maintaining safe and dignified living conditions. They reduce health risks linked to poor food storage and inadequate sanitation, support self-reliance and daily routines, and improve residents’ quality of life. By enabling families to cook, clean, and live safely, appliances contribute to restoring a sense of normalcy, stability, and dignity within the collective centers",Acted,1126.09,Unearmarked,Completed,2024,2024,,,,
RAC_66_5,RAC,RAC UID 66 - Disinfection / Disinsection Services,Straseni,Cojusna,"R-nul Strășeni, sat. Cojușna, str. Mihai Viteazu, 38",47.092268,28.681398,Collective center,ATAS Center Town Hall of Popeasca village,"Disinfection services, Disinfection activities in collective centers focus on safeguarding the health, dignity, and well-being of displaced people. Works include pest control to eliminate bed bugs, cockroaches, and other infestations, alongside thorough cleaning and treatment of living spaces, furniture, bedding, and sanitary facilities. These actions restore hygienic and safe conditions, prevent disease transmission, and uphold the dignity and comfort of residents living in collective settings. - MDL 5,000","The measure is vital for protecting the health, dignity, and well-being of displaced people. Eliminating infestations reduces the risk of disease, prevents allergic reactions or skin problems caused by bed bugs, and improves the overall sense of safety and comfort in the centers. Beyond health, it also contributes to protection by ensuring residents’ dignity, and mental well-being are not undermined by poor living conditions.",Acted,276.27,Unearmarked,Completed,2024,2024,,,,
RAC_66_4,RAC,RAC UID 66 - Furniture,Straseni,Straseni,"R-nul Strășeni, sat. Cojușna, str. Mihai Viteazu, 38",47.092268,28.681398,Collective center,ATAS Center Town Hall of Popeasca village,Furniture - Chairs: Furniture provision in collective centers focused on the distribution of chairs for residents in common areas and individual rooms. This activity supported to maintain basic comfort and functionality within the centers.,Adequate furniture directly enhances residents’ well-being by improving space in personal space and common areas. It allows families to create a sense of home confort and stability even in temporary accommodation.,Acted,401.63,Unearmarked,Completed,2023,2023,,,,
RAC_66_1,RAC,RAC UID 66 - Small Repairs & Maintenance,Straseni,Straseni,"R-nul Strășeni, sat. Cojușna, str. Mihai Viteazu, 38",47.092268,28.681398,Collective center,ATAS Center Town Hall of Popeasca village,"Small Repairs, Maintenance both small and major — in collective centers are essential to keeping facilities safe, functional, and protective. Activities include repairing or replacing doors, windows, and locks; addressing plumbing and electrical issues; maintaining heating and lighting systems; fixing leaks or structural damages; and ensuring that WASH facilities are properly maintained.- MDL 111,366.33 | Small Repairs, Maintenance both small and major — in collective centers are essential to keeping facilities safe, functional, and protective. Activities include repairing or replacing doors, windows, and locks; addressing plumbing and electrical issues; maintaining heating and lighting systems; fixing leaks or structural damages; and ensuring that WASH facilities are properly maintained.","These measures are conducted to ensuring that displaced people live in safe, dignified, and stable conditions. Beyond restoring basic functionality, these interventions are critical for protection: they reduce health risks linked to mold and poor sanitation, prevent accidents caused by unsafe wiring or damaged structures, and safeguard privacy and security through properly functioning doors and locks. By preventing small problems from escalating into major risks, maintenance works directly support the well-being, safety, and dignity of residents in collective centers.",Acted,155664.06,Unearmarked,Completed,2022,2024,,,,
RAC_66_2,RAC,RAC UID 66 - Winterization,Straseni,Cojusna,"R-nul Strășeni, sat. Cojușna, str. Mihai Viteazu, 38",47.092268,28.681398,Collective center,ATAS Center Town Hall of Popeasca village,"Winterization activities in collective centers focus on keeping facilities safe and livable during the cold season. They include insulating and repairing windows and doors, sealing drafts to prevent heat loss, maintaining heating systems, and addressing minor structural issues. These measures ensure that RACs provide warmer, safer, and more dignified living conditions for residents throughout the winter months.- MDL 38,050.","Winterization is an intervention that aims to safeguard the health, dignity, and well-being of displaced people. By reducing exposure to life-threatening cold, it helps prevent illness, strengthens protection, and allows families to live in safety and stability during winter.",Acted,2102.44,Unearmarked,Completed,2024,2024,,,,
RAC_67_3,RAC,RAC UID 67 - Appliance,Ungheni,Ungheni,"Ungheni, str. Romana 39",47.211735,27.798764,Collective center,ATAS Centru-West,"Appliance: The provision and maintenance of basic appliances in collective centers providing refrigerators, stoves, washing machines, driers and other essential household equipment. These interventions ensure that residents can prepare food safely, store perishable items, and maintain personal hygiene. Regular maintenance and replacement of malfunctioning appliances are integral to keeping communal facilities functional and safe.","Functional appliances are critical to maintaining safe and dignified living conditions. They reduce health risks linked to poor food storage and inadequate sanitation, support self-reliance and daily routines, and improve residents’ quality of life. By enabling families to cook, clean, and live safely, appliances contribute to restoring a sense of normalcy, stability, and dignity within the collective centers",Acted,224.83,Unearmarked,Completed,2024,2024,,,,
RAC_67_1,RAC,RAC UID 67 - Small Repairs & Maintenance,Ungheni,Ungheni,"Ungheni, str. Romana 39",47.211735,27.798764,Collective center,ATAS Centru-West,"Small Repairs, Maintenance both small and major — in collective centers are essential to keeping facilities safe, functional, and protective. Activities include repairing or replacing doors, windows, and locks; addressing plumbing and electrical issues; maintaining heating and lighting systems; fixing leaks or structural damages; and ensuring that WASH facilities are properly maintained.","These measures are conducted to ensuring that displaced people live in safe, dignified, and stable conditions. Beyond restoring basic functionality, these interventions are critical for protection: they reduce health risks linked to mold and poor sanitation, prevent accidents caused by unsafe wiring or damaged structures, and safeguard privacy and security through properly functioning doors and locks. By preventing small problems from escalating into major risks, maintenance works directly support the well-being, safety, and dignity of residents in collective centers.",Acted,42827.10,Unearmarked,Completed,2023,2023,,,,
RAC_67_2,RAC,RAC UID 67 - Winterization,Ungheni,Ungheni,"Ungheni, str. Romana 39",47.211735,27.798764,Collective center,ATAS Centru-West,"Winterization activities in collective centers focus on keeping facilities safe and livable during the cold season. They include insulating and repairing windows and doors, sealing drafts to prevent heat loss, maintaining heating systems, and addressing minor structural issues. These measures ensure that RACs provide warmer, safer, and more dignified living conditions for residents throughout the winter months.","Winterization is an intervention that aims to safeguard the health, dignity, and well-being of displaced people. By reducing exposure to life-threatening cold, it helps prevent illness, strengthens protection, and allows families to live in safety and stability during winter.",Acted,11308.54,Unearmarked,Completed,2022,2022,,,,
RAC_68_1,RAC,RAC UID 68 - Small Repairs & Maintenance,Chisinau,Chisinau,"Chisinau, str. Anton Pann 4, hotel Zarea",47.031130,28.836048,Collective center,State Enterprise,"Small Repairs, Maintenance both small and major — in collective centers are essential to keeping facilities safe, functional, and protective. Activities include repairing or replacing doors, windows, and locks; addressing plumbing and electrical issues; maintaining heating and lighting systems; fixing leaks or structural damages; and ensuring that WASH facilities are properly maintained.","These measures are conducted to ensuring that displaced people live in safe, dignified, and stable conditions. Beyond restoring basic functionality, these interventions are critical for protection: they reduce health risks linked to mold and poor sanitation, prevent accidents caused by unsafe wiring or damaged structures, and safeguard privacy and security through properly functioning doors and locks. By preventing small problems from escalating into major risks, maintenance works directly support the well-being, safety, and dignity of residents in collective centers.",Acted,29983.66,Unearmarked,Completed,2023,2023,,,,
RAC_82_3,RAC,RAC UID 82 - Appliance,Chisinau,Chisinau,"Mun. Chișinău, str. Mircești 22/4 A",47.058064,28.816375,Collective center,Technical University of Moldova,"Appliance: The provision and maintenance of basic appliances in collective centers providing refrigerators, stoves, washing machines, driers and other essential household equipment. These interventions ensure that residents can prepare food safely, store perishable items, and maintain personal hygiene. Regular maintenance and replacement of malfunctioning appliances are integral to keeping communal facilities functional and safe.","Functional appliances are critical to maintaining safe and dignified living conditions. They reduce health risks linked to poor food storage and inadequate sanitation, support self-reliance and daily routines, and improve residents’ quality of life. By enabling families to cook, clean, and live safely, appliances contribute to restoring a sense of normalcy, stability, and dignity within the collective centers",Acted,1512.54,Unearmarked,Completed,2024,2024,,,,
RAC_82_5,RAC,RAC UID 82 - Disinfection / Disinsection Services,Chisinau,Chisinau,"Mun. Chișinău, str. Mircești 22/4 A",47.058064,28.816375,Collective center,Technical University of Moldova,"Disinsection services MDL .29,000","The measure is vital for protecting the health, dignity, and well-being of displaced people. Eliminating infestations reduces the risk of disease, prevents allergic reactions or skin problems caused by bed bugs, and improves the overall sense of safety and comfort in the centers. Beyond health, it also contributes to protection by ensuring residents’ dignity, and mental well-being are not undermined by poor living conditions.",Acted,1602.39,Unearmarked,Completed,2024,2024,,,,
RAC_82_4,RAC,RAC UID 82 - Furniture,Chisinau,Chisinau,"Mun. Chișinău, str. Mircești 22/4 A",47.058064,28.816375,Collective center,Technical University of Moldova,Furniture - Chairs: Furniture provision in collective centers focused on the distribution of chairs for residents in common areas and individual rooms. This activity supported to maintain basic comfort and functionality within the centers.,Adequate furniture directly enhances residents’ well-being by improving space in personal space and common areas. It allows families to create a sense of home confort and stability even in temporary accommodation.,Acted,401.63,Unearmarked,Completed,2023,2023,,,,
RAC_82_1,RAC,RAC UID 82 - Small Repairs & Maintenance,Chisinau,Chisinau,"Mun. Chișinău, str. Mircești 22/4 A",47.058064,28.816375,Collective center,Technical University of Moldova,"Small Repairs, Maintenance both small and major — in collective centers are essential to keeping facilities safe, functional, and protective. Activities include repairing or replacing doors, windows, and locks; addressing plumbing and electrical issues; maintaining heating and lighting systems; fixing leaks or structural damages; and ensuring that WASH facilities are properly maintained.- MDL 7,358. | Small Repairs, Maintenance both small and major — in collective centers are essential to keeping facilities safe, functional, and protective. Activities include repairing or replacing doors, windows, and locks; addressing plumbing and electrical issues; maintaining heating and lighting systems; fixing leaks or structural damages; and ensuring that WASH facilities are properly maintained.","These measures are conducted to ensuring that displaced people live in safe, dignified, and stable conditions. Beyond restoring basic functionality, these interventions are critical for protection: they reduce health risks linked to mold and poor sanitation, prevent accidents caused by unsafe wiring or damaged structures, and safeguard privacy and security through properly functioning doors and locks. By preventing small problems from escalating into major risks, maintenance works directly support the well-being, safety, and dignity of residents in collective centers.",Acted,84943.23,Unearmarked,Completed,2022,2024,,,,
RAC_82_2,RAC,RAC UID 82 - Winterization,Chisinau,Chisinau,"Mun. Chișinău, str. Mircești 22/4 A",47.058064,28.816375,Collective center,Technical University of Moldova,"Winterization activities in collective centers focus on keeping facilities safe and livable during the cold season. They include insulating and repairing windows and doors, sealing drafts to prevent heat loss, maintaining heating systems, and addressing minor structural issues. These measures ensure that RACs provide warmer, safer, and more dignified living conditions for residents throughout the winter months.","Winterization is an intervention that aims to safeguard the health, dignity, and well-being of displaced people. By reducing exposure to life-threatening cold, it helps prevent illness, strengthens protection, and allows families to live in safety and stability during winter.",Acted,38350.85,Unearmarked,Completed,2022,2022,,,,
RAC_106_1,RAC,RAC UID 106 - Small Repairs & Maintenance,Chisinau,Chisinau,"Chisinau, str. Muncesti 9 ""Don Bosco""",46.988859,28.889873,Collective center,NGO,"Small Repairs, Maintenance both small and major — in collective centers are essential to keeping facilities safe, functional, and protective. Activities include repairing or replacing doors, windows, and locks; addressing plumbing and electrical issues; maintaining heating and lighting systems; fixing leaks or structural damages; and ensuring that WASH facilities are properly maintained.","These measures are conducted to ensuring that displaced people live in safe, dignified, and stable conditions. Beyond restoring basic functionality, these interventions are critical for protection: they reduce health risks linked to mold and poor sanitation, prevent accidents caused by unsafe wiring or damaged structures, and safeguard privacy and security through properly functioning doors and locks. By preventing small problems from escalating into major risks, maintenance works directly support the well-being, safety, and dignity of residents in collective centers.",Acted,13888.28,Unearmarked,Completed,2023,2023,,,,
RAC_108_1,RAC,RAC UID 108 - Small Repairs & Maintenance,Chisinau,Chisinau,"Chisinau, str. Studentilor 7/5 ""Patria LukOil""",47.060101,28.865868,Collective center,General Directorate for Medical and Social Assistance,"Small Repairs, Maintenance both small and major — in collective centers are essential to keeping facilities safe, functional, and protective. Activities include repairing or replacing doors, windows, and locks; addressing plumbing and electrical issues; maintaining heating and lighting systems; fixing leaks or structural damages; and ensuring that WASH facilities are properly maintained.","These measures are conducted to ensuring that displaced people live in safe, dignified, and stable conditions. Beyond restoring basic functionality, these interventions are critical for protection: they reduce health risks linked to mold and poor sanitation, prevent accidents caused by unsafe wiring or damaged structures, and safeguard privacy and security through properly functioning doors and locks. By preventing small problems from escalating into major risks, maintenance works directly support the well-being, safety, and dignity of residents in collective centers.",Acted,27600.91,Unearmarked,Completed,2022,2022,,,,
RAC_108_2,RAC,RAC UID 108 - Winterization,Chisinau,Chisinau,"Chisinau, str. Studentilor 7/5 ""Patria LukOil""",47.060101,28.865868,Collective center,General Directorate for Medical and Social Assistance,"Winterization activities in collective centers focus on keeping facilities safe and livable during the cold season. They include insulating and repairing windows and doors, sealing drafts to prevent heat loss, maintaining heating systems, and addressing minor structural issues. These measures ensure that RACs provide warmer, safer, and more dignified living conditions for residents throughout the winter months.","Winterization is an intervention that aims to safeguard the health, dignity, and well-being of displaced people. By reducing exposure to life-threatening cold, it helps prevent illness, strengthens protection, and allows families to live in safety and stability during winter.",Acted,1147.10,Unearmarked,Completed,2022,2022,,,,
RAC_111_3,RAC,RAC UID 111 - Appliance,Chisinau,Chisinau,Mun. Chișinău str. Dimineții nr. 4,47.004165,28.867137,Collective center,Faith-based organization,"Appliance: The provision and maintenance of basic appliances in collective centers providing refrigerators, stoves, washing machines, driers and other essential household equipment. These interventions ensure that residents can prepare food safely, store perishable items, and maintain personal hygiene. Regular maintenance and replacement of malfunctioning appliances are integral to keeping communal facilities functional and safe.","Functional appliances are critical to maintaining safe and dignified living conditions. They reduce health risks linked to poor food storage and inadequate sanitation, support self-reliance and daily routines, and improve residents’ quality of life. By enabling families to cook, clean, and live safely, appliances contribute to restoring a sense of normalcy, stability, and dignity within the collective centers",Acted,135.93,Unearmarked,Completed,2024,2024,,,,
RAC_111_1,RAC,RAC UID 111 - Small Repairs & Maintenance,Chisinau,Chisinau,Mun. Chișinău str. Dimineții nr. 4,47.004165,28.867137,Collective center,Faith-based organization,"Small Repairs, Maintenance both small and major — in collective centers are essential to keeping facilities safe, functional, and protective. Activities include repairing or replacing doors, windows, and locks; addressing plumbing and electrical issues; maintaining heating and lighting systems; fixing leaks or structural damages; and ensuring that WASH facilities are properly maintained. - MDL 32,141.71","These measures are conducted to ensuring that displaced people live in safe, dignified, and stable conditions. Beyond restoring basic functionality, these interventions are critical for protection: they reduce health risks linked to mold and poor sanitation, prevent accidents caused by unsafe wiring or damaged structures, and safeguard privacy and security through properly functioning doors and locks. By preventing small problems from escalating into major risks, maintenance works directly support the well-being, safety, and dignity of residents in collective centers.",Acted,1775.98,Unearmarked,Completed,2024,2024,,,,
RAC_112_1,RAC,RAC UID 112 - Small Repairs & Maintenance,Orhei,Orhei,"Orhei, village Nicolaeuca",47.363073,28.690218,Collective center,ATAS Center East,"Small Repairs, Maintenance both small and major — in collective centers are essential to keeping facilities safe, functional, and protective. Activities include repairing or replacing doors, windows, and locks; addressing plumbing and electrical issues; maintaining heating and lighting systems; fixing leaks or structural damages; and ensuring that WASH facilities are properly maintained.","These measures are conducted to ensuring that displaced people live in safe, dignified, and stable conditions. Beyond restoring basic functionality, these interventions are critical for protection: they reduce health risks linked to mold and poor sanitation, prevent accidents caused by unsafe wiring or damaged structures, and safeguard privacy and security through properly functioning doors and locks. By preventing small problems from escalating into major risks, maintenance works directly support the well-being, safety, and dignity of residents in collective centers.",Acted,6867.54,Unearmarked,Completed,2022,2022,,,,
RAC_112_2,RAC,RAC UID 112 - Winterization,Orhei,Orhei,"Orhei, village Nicolaeuca",47.363073,28.690218,Collective center,ATAS Center East,"Winterization activities in collective centers focus on keeping facilities safe and livable during the cold season. They include insulating and repairing windows and doors, sealing drafts to prevent heat loss, maintaining heating systems, and addressing minor structural issues. These measures ensure that RACs provide warmer, safer, and more dignified living conditions for residents throughout the winter months.","Winterization is an intervention that aims to safeguard the health, dignity, and well-being of displaced people. By reducing exposure to life-threatening cold, it helps prevent illness, strengthens protection, and allows families to live in safety and stability during winter.",Acted,17051.86,Unearmarked,Completed,2022,2022,,,,
RAC_117_3,RAC,RAC UID 117 - Appliance,Chisinau,Chisinau,"Mun. Chișinău Bogdan Voievod, 8/1",47.044160,28.856255,Collective center,Technological College,"Appliance: The provision and maintenance of basic appliances in collective centers providing refrigerators, stoves, washing machines, driers and other essential household equipment. These interventions ensure that residents can prepare food safely, store perishable items, and maintain personal hygiene. Regular maintenance and replacement of malfunctioning appliances are integral to keeping communal facilities functional and safe.","Functional appliances are critical to maintaining safe and dignified living conditions. They reduce health risks linked to poor food storage and inadequate sanitation, support self-reliance and daily routines, and improve residents’ quality of life. By enabling families to cook, clean, and live safely, appliances contribute to restoring a sense of normalcy, stability, and dignity within the collective centers",Acted,276.22,Unearmarked,Completed,2024,2024,,,,
RAC_117_4,RAC,RAC UID 117 - Furniture,Chisinau,Chisinau,"Mun. Chișinău Bogdan Voievod, 8/1",47.044160,28.856255,Collective center,Technological College,Furniture - Chairs: Furniture provision in collective centers focused on the distribution of chairs for residents in common areas and individual rooms. This activity supported to maintain basic comfort and functionality within the centers.,Adequate furniture directly enhances residents’ well-being by improving space in personal space and common areas. It allows families to create a sense of home confort and stability even in temporary accommodation.,Acted,401.63,Unearmarked,Completed,2023,2023,,,,
RAC_117_1,RAC,RAC UID 117 - Small Repairs & Maintenance,Chisinau,Chisinau,"Mun. Chișinău Bogdan Voievod, 8/1",47.044160,28.856255,Collective center,Technological College,"Small Repairs, Maintenance both small and major — in collective centers are essential to keeping facilities safe, functional, and protective. Activities include repairing or replacing doors, windows, and locks; addressing plumbing and electrical issues; maintaining heating and lighting systems; fixing leaks or structural damages; and ensuring that WASH facilities are properly maintained. - MDL 29,171.52 | Small Repairs, Maintenance both small and major — in collective centers are essential to keeping facilities safe, functional, and protective. Activities include repairing or replacing doors, windows, and locks; addressing plumbing and electrical issues; maintaining heating and lighting systems; fixing leaks or structural damages; and ensuring that WASH facilities are properly maintained.","These measures are conducted to ensuring that displaced people live in safe, dignified, and stable conditions. Beyond restoring basic functionality, these interventions are critical for protection: they reduce health risks linked to mold and poor sanitation, prevent accidents caused by unsafe wiring or damaged structures, and safeguard privacy and security through properly functioning doors and locks. By preventing small problems from escalating into major risks, maintenance works directly support the well-being, safety, and dignity of residents in collective centers.",Acted,61726.90,Unearmarked,Completed,2022,2024,,,,
RAC_117_2,RAC,RAC UID 117 - Winterization,Chisinau,Chisinau,"Mun. Chișinău Bogdan Voievod, 8/1",47.044160,28.856255,Collective center,Technological College,"Winterization activities in collective centers focus on keeping facilities safe and livable during the cold season. They include insulating and repairing windows and doors, sealing drafts to prevent heat loss, maintaining heating systems, and addressing minor structural issues. These measures ensure that RACs provide warmer, safer, and more dignified living conditions for residents throughout the winter months.","Winterization is an intervention that aims to safeguard the health, dignity, and well-being of displaced people. By reducing exposure to life-threatening cold, it helps prevent illness, strengthens protection, and allows families to live in safety and stability during winter.",Acted,16859.03,Unearmarked,Completed,2022,2022,,,,
RAC_124_1,RAC,RAC UID 124 - Small Repairs & Maintenance,Cimislia,Cimislia,Camp of the Public Association EL-ȘADAI,46.557048,28.758748,Collective center,NGO,"Small Repairs, Maintenance both small and major — in collective centers are essential to keeping facilities safe, functional, and protective. Activities include repairing or replacing doors, windows, and locks; addressing plumbing and electrical issues; maintaining heating and lighting systems; fixing leaks or structural damages; and ensuring that WASH facilities are properly maintained.","These measures are conducted to ensuring that displaced people live in safe, dignified, and stable conditions. Beyond restoring basic functionality, these interventions are critical for protection: they reduce health risks linked to mold and poor sanitation, prevent accidents caused by unsafe wiring or damaged structures, and safeguard privacy and security through properly functioning doors and locks. By preventing small problems from escalating into major risks, maintenance works directly support the well-being, safety, and dignity of residents in collective centers.",Acted,2013.54,Unearmarked,Completed,2023,2023,,,,
RAC_126_1,RAC,RAC UID 126 - Small Repairs & Maintenance,Anenii-Noi,Anenii-Noi,"Anenii-Noi, str. Z. Cosmodemianscaia 5/3",46.880557,29.219791,Collective center,Anenii-Noi municipality,"Small Repairs, Maintenance both small and major — in collective centers are essential to keeping facilities safe, functional, and protective. Activities include repairing or replacing doors, windows, and locks; addressing plumbing and electrical issues; maintaining heating and lighting systems; fixing leaks or structural damages; and ensuring that WASH facilities are properly maintained.","These measures are conducted to ensuring that displaced people live in safe, dignified, and stable conditions. Beyond restoring basic functionality, these interventions are critical for protection: they reduce health risks linked to mold and poor sanitation, prevent accidents caused by unsafe wiring or damaged structures, and safeguard privacy and security through properly functioning doors and locks. By preventing small problems from escalating into major risks, maintenance works directly support the well-being, safety, and dignity of residents in collective centers.",Acted,3181.47,Unearmarked,Completed,2022,2023,,,,
RAC_130_1,RAC,RAC UID 130 - Small Repairs & Maintenance,Chisinau,Chisinau,"Chisinau, str Ghioceilor 1 Moldexpo",47.017379,28.802537,Collective center,State Enterprise,"Small Repairs, Maintenance both small and major — in collective centers are essential to keeping facilities safe, functional, and protective. Activities include repairing or replacing doors, windows, and locks; addressing plumbing and electrical issues; maintaining heating and lighting systems; fixing leaks or structural damages; and ensuring that WASH facilities are properly maintained.","These measures are conducted to ensuring that displaced people live in safe, dignified, and stable conditions. Beyond restoring basic functionality, these interventions are critical for protection: they reduce health risks linked to mold and poor sanitation, prevent accidents caused by unsafe wiring or damaged structures, and safeguard privacy and security through properly functioning doors and locks. By preventing small problems from escalating into major risks, maintenance works directly support the well-being, safety, and dignity of residents in collective centers.",Acted,57882.32,Unearmarked,Completed,2022,2022,,,,
RAC_137_3,RAC,RAC UID 137 - Appliance,UTA Gagauzia,Copceac,"UTA Gagauzia, village Copceac, str. Krupscaia 62",45.852978,28.690926,Collective center,Copceac Village Hall,"Appliance: The provision and maintenance of basic appliances in collective centers providing refrigerators, stoves, washing machines, driers and other essential household equipment. These interventions ensure that residents can prepare food safely, store perishable items, and maintain personal hygiene. Regular maintenance and replacement of malfunctioning appliances are integral to keeping communal facilities functional and safe.","Functional appliances are critical to maintaining safe and dignified living conditions. They reduce health risks linked to poor food storage and inadequate sanitation, support self-reliance and daily routines, and improve residents’ quality of life. By enabling families to cook, clean, and live safely, appliances contribute to restoring a sense of normalcy, stability, and dignity within the collective centers",Acted,567.19,Unearmarked,Completed,2024,2024,,,,
RAC_137_6,RAC,RAC UID 137 - Decommissioning,UTA Gagauzia,Copceac,"UTA Gagauzia, Copceac, str. Krupscaia 62",45.852978,28.690926,Collective center,Copceac Village Hall,"Decommission of collective centers is a planned process that takes place after a facility closes. It includes cleaning and disinfecting the premises, conducting necessary small repairs, and restoring the site for its original purpose or adapting it for alternative use. These works ensure that the space is left in a safe, functional, and hygienic condition, ready for handover to local authorities, communities, or owners. MDL 120,894.","Decommissioning plays a crucial role in ensuring an orderly closure of collective centers. Returning facilities in safe and usable condition, prevents health or safety risks and demonstrates accountability and respect toward the institutions and communities that made these spaces available. The process ensures the facility is returned to host communities and local authorities in a safe and functional condition.",Acted,6679.96,Unearmarked,Completed,2024,2024,,,,
RAC_137_4,RAC,RAC UID 137 - Furniture,UTA Gagauzia,Copceac,"UTA Gagauzia, village Copceac, str. Krupscaia 62",45.852978,28.690926,Collective center,Copceac Village Hall,Furniture - Chairs: Furniture provision in collective centers focused on the distribution of chairs for residents in common areas and individual rooms. This activity supported to maintain basic comfort and functionality within the centers.,Adequate furniture directly enhances residents’ well-being by improving space in personal space and common areas. It allows families to create a sense of home confort and stability even in temporary accommodation.,Acted,267.75,Unearmarked,Completed,2023,2023,,,,
RAC_137_1,RAC,RAC UID 137 - Small Repairs & Maintenance,UTA Gagauzia,Copceac,"UTA Gagauzia, village Copceac, str. Krupscaia 62",45.852978,28.690926,Collective center,Copceac Village Hall,"Small Repairs, Maintenance both small and major — in collective centers are essential to keeping facilities safe, functional, and protective. Activities include repairing or replacing doors, windows, and locks; addressing plumbing and electrical issues; maintaining heating and lighting systems; fixing leaks or structural damages; and ensuring that WASH facilities are properly maintained. - MDL 82,029.64 | Small Repairs, Maintenance both small and major — in collective centers are essential to keeping facilities safe, functional, and protective. Activities include repairing or replacing doors, windows, and locks; addressing plumbing and electrical issues; maintaining heating and lighting systems; fixing leaks or structural damages; and ensuring that WASH facilities are properly maintained.","These measures are conducted to ensuring that displaced people live in safe, dignified, and stable conditions. Beyond restoring basic functionality, these interventions are critical for protection: they reduce health risks linked to mold and poor sanitation, prevent accidents caused by unsafe wiring or damaged structures, and safeguard privacy and security through properly functioning doors and locks. By preventing small problems from escalating into major risks, maintenance works directly support the well-being, safety, and dignity of residents in collective centers.",Acted,17793.43,Unearmarked,Completed,2023,2024,,,,
RAC_138_3,RAC,RAC UID 138 - Appliance,Chisinau,Chisinau,Mun. Chișinău șos. Hîncești 29/1,47.004578,28.820852,Collective center,Faith-based organization,"Appliance: The provision and maintenance of basic appliances in collective centers providing refrigerators, stoves, washing machines, driers and other essential household equipment. These interventions ensure that residents can prepare food safely, store perishable items, and maintain personal hygiene. Regular maintenance and replacement of malfunctioning appliances are integral to keeping communal facilities functional and safe.","Functional appliances are critical to maintaining safe and dignified living conditions. They reduce health risks linked to poor food storage and inadequate sanitation, support self-reliance and daily routines, and improve residents’ quality of life. By enabling families to cook, clean, and live safely, appliances contribute to restoring a sense of normalcy, stability, and dignity within the collective centers",Acted,1273.62,Unearmarked,Completed,2024,2024,,,,
RAC_138_4,RAC,RAC UID 138 - Furniture,Chisinau,Chisinau,Mun. Chișinău șos. Hîncești 29/1,47.004578,28.820852,Collective center,Faith-based organization,Furniture - Chairs: Furniture provision in collective centers focused on the distribution of chairs for residents in common areas and individual rooms. This activity supported to maintain basic comfort and functionality within the centers.,Adequate furniture directly enhances residents’ well-being by improving space in personal space and common areas. It allows families to create a sense of home confort and stability even in temporary accommodation.,Acted,267.75,Unearmarked,Completed,2023,2023,,,,
RAC_138_1,RAC,RAC UID 138 - Small Repairs & Maintenance,Chisinau,Chisinau,Mun. Chișinău șos. Hîncești 29/1,47.004578,28.820852,Collective center,Faith-based organization,"Small Repairs, Maintenance both small and major — in collective centers are essential to keeping facilities safe, functional, and protective. Activities include repairing or replacing doors, windows, and locks; addressing plumbing and electrical issues; maintaining heating and lighting systems; fixing leaks or structural damages; and ensuring that WASH facilities are properly maintained. - MDL 53,060.54 | Small Repairs, Maintenance both small and major — in collective centers are essential to keeping facilities safe, functional, and protective. Activities include repairing or replacing doors, windows, and locks; addressing plumbing and electrical issues; maintaining heating and lighting systems; fixing leaks or structural damages; and ensuring that WASH facilities are properly maintained.","These measures are conducted to ensuring that displaced people live in safe, dignified, and stable conditions. Beyond restoring basic functionality, these interventions are critical for protection: they reduce health risks linked to mold and poor sanitation, prevent accidents caused by unsafe wiring or damaged structures, and safeguard privacy and security through properly functioning doors and locks. By preventing small problems from escalating into major risks, maintenance works directly support the well-being, safety, and dignity of residents in collective centers.",Acted,5463.47,Unearmarked,Completed,2022,2024,,,,
RAC_138_2,RAC,RAC UID 138 - Winterization,Chisinau,Chisinau,Mun. Chișinău șos. Hîncești 29/1,47.004578,28.820852,Collective center,Faith-based organization,"Winterization activities in collective centers focus on keeping facilities safe and livable during the cold season. They include insulating and repairing windows and doors, sealing drafts to prevent heat loss, maintaining heating systems, and addressing minor structural issues. These measures ensure that RACs provide warmer, safer, and more dignified living conditions for residents throughout the winter months.- MDL 10,338.3 | Winterization activities in collective centers focus on keeping facilities safe and livable during the cold season. They include insulating and repairing windows and doors, sealing drafts to prevent heat loss, maintaining heating systems, and addressing minor structural issues. These measures ensure that RACs provide warmer, safer, and more dignified living conditions for residents throughout the winter months.","Winterization is an interventionthat aims to safeguard the health, dignity, and well-being of displaced people. By reducing exposure to life-threatening cold, it helps prevent illness, strengthens protection, and allows families to live in safety and stability during winter. | Winterization is an intervention that aims to safeguard the health, dignity, and well-being of displaced people. By reducing exposure to life-threatening cold, it helps prevent illness, strengthens protection, and allows families to live in safety and stability during winter.",Acted,7444.18,Unearmarked,Completed,2022,2024,,,,
RAC_140_1,RAC,RAC UID 140 - Small Repairs & Maintenance,Chisinau,Chisinau,"Chisinau, str. Mircea cel Batran 2, Public Association ""Pro Valoare""",47.038099,28.890513,Collective center,NGO,"Small Repairs, Maintenance both small and major — in collective centers are essential to keeping facilities safe, functional, and protective. Activities include repairing or replacing doors, windows, and locks; addressing plumbing and electrical issues; maintaining heating and lighting systems; fixing leaks or structural damages; and ensuring that WASH facilities are properly maintained.","These measures are conducted to ensuring that displaced people live in safe, dignified, and stable conditions. Beyond restoring basic functionality, these interventions are critical for protection: they reduce health risks linked to mold and poor sanitation, prevent accidents caused by unsafe wiring or damaged structures, and safeguard privacy and security through properly functioning doors and locks. By preventing small problems from escalating into major risks, maintenance works directly support the well-being, safety, and dignity of residents in collective centers.",Acted,13774.87,Unearmarked,Completed,2022,2022,,,,
RAC_142_4,RAC,RAC UID 142 - Furniture,Cahul,Cahul,"Cahul, str. Bogdan Petriceicu-Hajdeu 4",45.900789,28.187150,Collective center,Cahul Municitality,Furniture - Chairs: Furniture provision in collective centers focused on the distribution of chairs for residents in common areas and individual rooms. This activity supported to maintain basic comfort and functionality within the centers.,Adequate furniture directly enhances residents’ well-being by improving space in personal space and common areas. It allows families to create a sense of home confort and stability even in temporary accommodation.,Acted,401.63,Unearmarked,Completed,2023,2023,,,,
RAC_142_1,RAC,RAC UID 142 - Small Repairs & Maintenance,Cahul,Cahul,"Cahul, str. Bogdan Petriceicu-Hajdeu 4",45.900789,28.187150,Collective center,Cahul Municitality,"Small Repairs, Maintenance both small and major — in collective centers are essential to keeping facilities safe, functional, and protective. Activities include repairing or replacing doors, windows, and locks; addressing plumbing and electrical issues; maintaining heating and lighting systems; fixing leaks or structural damages; and ensuring that WASH facilities are properly maintained.","These measures are conducted to ensuring that displaced people live in safe, dignified, and stable conditions. Beyond restoring basic functionality, these interventions are critical for protection: they reduce health risks linked to mold and poor sanitation, prevent accidents caused by unsafe wiring or damaged structures, and safeguard privacy and security through properly functioning doors and locks. By preventing small problems from escalating into major risks, maintenance works directly support the well-being, safety, and dignity of residents in collective centers.",Acted,17284.43,Unearmarked,Completed,2022,2023,,,,
RAC_143_3,RAC,RAC UID 143 - Appliance,Edinet,Edinet,"Edinet, str. Alexandru cel Bun 18 B",48.175791,27.292911,Collective center,NGO,"Appliance: The provision and maintenance of basic appliances in collective centers providing refrigerators, stoves, washing machines, driers and other essential household equipment. These interventions ensure that residents can prepare food safely, store perishable items, and maintain personal hygiene. Regular maintenance and replacement of malfunctioning appliances are integral to keeping communal facilities functional and safe.","Functional appliances are critical to maintaining safe and dignified living conditions. They reduce health risks linked to poor food storage and inadequate sanitation, support self-reliance and daily routines, and improve residents’ quality of life. By enabling families to cook, clean, and live safely, appliances contribute to restoring a sense of normalcy, stability, and dignity within the collective centers",Acted,135.93,Unearmarked,Completed,2024,2024,,,,
RAC_143_1,RAC,RAC UID 143 - Small Repairs & Maintenance,Edinet,Edinet,"Edinet, str. Alexandru cel Bun 18 B",48.175798,27.292922,Collective center,NGO,"Small Repairs, Maintenance both small and major — in collective centers are essential to keeping facilities safe, functional, and protective. Activities include repairing or replacing doors, windows, and locks; addressing plumbing and electrical issues; maintaining heating and lighting systems; fixing leaks or structural damages; and ensuring that WASH facilities are properly maintained.","These measures are conducted to ensuring that displaced people live in safe, dignified, and stable conditions. Beyond restoring basic functionality, these interventions are critical for protection: they reduce health risks linked to mold and poor sanitation, prevent accidents caused by unsafe wiring or damaged structures, and safeguard privacy and security through properly functioning doors and locks. By preventing small problems from escalating into major risks, maintenance works directly support the well-being, safety, and dignity of residents in collective centers.",Acted,13888.28,Unearmarked,Completed,2023,2023,,,,
RAC_150_3,RAC,RAC UID 150 - Appliance,Ungheni,Ungheni,"Ungheni, str. Nationala 45",47.216414,27.808012,Collective center,NGO,"Appliance: The provision and maintenance of basic appliances in collective centers providing refrigerators, stoves, washing machines, driers and other essential household equipment. These interventions ensure that residents can prepare food safely, store perishable items, and maintain personal hygiene. Regular maintenance and replacement of malfunctioning appliances are integral to keeping communal facilities functional and safe.","Functional appliances are critical to maintaining safe and dignified living conditions. They reduce health risks linked to poor food storage and inadequate sanitation, support self-reliance and daily routines, and improve residents’ quality of life. By enabling families to cook, clean, and live safely, appliances contribute to restoring a sense of normalcy, stability, and dignity within the collective centers",Acted,300.59,Unearmarked,Completed,2024,2024,,,,
RAC_150_1,RAC,RAC UID 150 - Small Repairs & Maintenance,Ungheni,Ungheni,"Ungheni, str. Nationala 45",47.216414,27.808012,Collective center,NGO,"Small Repairs, Maintenance both small and major — in collective centers are essential to keeping facilities safe, functional, and protective. Activities include repairing or replacing doors, windows, and locks; addressing plumbing and electrical issues; maintaining heating and lighting systems; fixing leaks or structural damages; and ensuring that WASH facilities are properly maintained.","These measures are conducted to ensuring that displaced people live in safe, dignified, and stable conditions. Beyond restoring basic functionality, these interventions are critical for protection: they reduce health risks linked to mold and poor sanitation, prevent accidents caused by unsafe wiring or damaged structures, and safeguard privacy and security through properly functioning doors and locks. By preventing small problems from escalating into major risks, maintenance works directly support the well-being, safety, and dignity of residents in collective centers.",Acted,997.66,Unearmarked,Completed,2023,2023,,,,
RAC_153_1,RAC,RAC UID 153 - Small Repairs & Maintenance,Straseni,Straseni,"Straseni, village Greblesti (former kindergarten47.24187763220283",47.241878,28.612852,Collective center,Greblesti Municipality,"Small Repairs, Maintenance both small and major — in collective centers are essential to keeping facilities safe, functional, and protective. Activities include repairing or replacing doors, windows, and locks; addressing plumbing and electrical issues; maintaining heating and lighting systems; fixing leaks or structural damages; and ensuring that WASH facilities are properly maintained.","These measures are conducted to ensuring that displaced people live in safe, dignified, and stable conditions. Beyond restoring basic functionality, these interventions are critical for protection: they reduce health risks linked to mold and poor sanitation, prevent accidents caused by unsafe wiring or damaged structures, and safeguard privacy and security through properly functioning doors and locks. By preventing small problems from escalating into major risks, maintenance works directly support the well-being, safety, and dignity of residents in collective centers.",Acted,51692.84,Unearmarked,Completed,2022,2023,,,,
RAC_153_2,RAC,RAC UID 153 - Winterization,Straseni,Straseni,"Straseni, village Greblesti (former kindergarten47.24187763220283",,28.612852,Collective center,Greblesti Municipality,"Winterization activities in collective centers focus on keeping facilities safe and livable during the cold season. They include insulating and repairing windows and doors, sealing drafts to prevent heat loss, maintaining heating systems, and addressing minor structural issues. These measures ensure that RACs provide warmer, safer, and more dignified living conditions for residents throughout the winter months.","Winterization is an intervention that aims to safeguard the health, dignity, and well-being of displaced people. By reducing exposure to life-threatening cold, it helps prevent illness, strengthens protection, and allows families to live in safety and stability during winter.",Acted,48403.42,Unearmarked,Completed,2022,2022,,,,
RAC_154_1,RAC,RAC UID 154 - Small Repairs & Maintenance,Orhei,Orhei,"Orhei, Ivancea, Sport Complex ""Macon Activ""",47.297228,28.818617,Collective center,Ivancea municipality,"Small Repairs, Maintenance both small and major — in collective centers are essential to keeping facilities safe, functional, and protective. Activities include repairing or replacing doors, windows, and locks; addressing plumbing and electrical issues; maintaining heating and lighting systems; fixing leaks or structural damages; and ensuring that WASH facilities are properly maintained.","These measures are conducted to ensuring that displaced people live in safe, dignified, and stable conditions. Beyond restoring basic functionality, these interventions are critical for protection: they reduce health risks linked to mold and poor sanitation, prevent accidents caused by unsafe wiring or damaged structures, and safeguard privacy and security through properly functioning doors and locks. By preventing small problems from escalating into major risks, maintenance works directly support the well-being, safety, and dignity of residents in collective centers.",Acted,11273.18,Unearmarked,Completed,2022,2022,,,,
RAC_174_1,RAC,RAC UID 174 - Small Repairs & Maintenance,Balti,Balti,"Balti, Str. Şevcenko, 23",47.763728,27.903886,Collective center,MLSP,"Small Repairs, Maintenance both small and major — in collective centers are essential to keeping facilities safe, functional, and protective. Activities include repairing or replacing doors, windows, and locks; addressing plumbing and electrical issues; maintaining heating and lighting systems; fixing leaks or structural damages; and ensuring that WASH facilities are properly maintained.","These measures are conducted to ensuring that displaced people live in safe, dignified, and stable conditions. Beyond restoring basic functionality, these interventions are critical for protection: they reduce health risks linked to mold and poor sanitation, prevent accidents caused by unsafe wiring or damaged structures, and safeguard privacy and security through properly functioning doors and locks. By preventing small problems from escalating into major risks, maintenance works directly support the well-being, safety, and dignity of residents in collective centers.",Acted,1584.03,Unearmarked,Completed,2022,2022,,,,
RAC_174_2,RAC,RAC UID 174 - Winterization,Balti,Balti,"Balti, Str. Şevcenko, 23",47.763728,27.903886,Collective center,MLSP,"Winterization activities in collective centers focus on keeping facilities safe and livable during the cold season. They include insulating and repairing windows and doors, sealing drafts to prevent heat loss, maintaining heating systems, and addressing minor structural issues. These measures ensure that RACs provide warmer, safer, and more dignified living conditions for residents throughout the winter months.","Winterization is an intervention that aims to safeguard the health, dignity, and well-being of displaced people. By reducing exposure to life-threatening cold, it helps prevent illness, strengthens protection, and allows families to live in safety and stability during winter.",Acted,1584.03,Unearmarked,Completed,2022,2022,,,,
RAC_207_3,RAC,RAC UID 207 - Appliance,Chisinau,Chisinau,"Mun. Chișinău str. Grenoble, 191",46.981563,28.845234,Collective center,NGO,"Appliance: The provision and maintenance of basic appliances in collective centers providing refrigerators, stoves, washing machines, driers and other essential household equipment. These interventions ensure that residents can prepare food safely, store perishable items, and maintain personal hygiene. Regular maintenance and replacement of malfunctioning appliances are integral to keeping communal facilities functional and safe.","Functional appliances are critical to maintaining safe and dignified living conditions. They reduce health risks linked to poor food storage and inadequate sanitation, support self-reliance and daily routines, and improve residents’ quality of life. By enabling families to cook, clean, and live safely, appliances contribute to restoring a sense of normalcy, stability, and dignity within the collective centers",Acted,514.03,Unearmarked,Completed,2024,2024,,,,
RAC_207_4,RAC,RAC UID 207 - Furniture,Chisinau,Chisinau,"Mun. Chișinău str. Grenoble, 191",46.981563,28.845234,Collective center,NGO,Furniture - Chairs: Furniture provision in collective centers focused on the distribution of chairs for residents in common areas and individual rooms. This activity supported to maintain basic comfort and functionality within the centers.,Adequate furniture directly enhances residents’ well-being by improving space in personal space and common areas. It allows families to create a sense of home confort and stability even in temporary accommodation.,Acted,267.75,Unearmarked,Completed,2023,2023,,,,
RAC_207_1,RAC,RAC UID 207 - Small Repairs & Maintenance,Chisinau,Chisinau,"Mun. Chișinău str. Grenoble, 191",46.981563,28.845234,Collective center,NGO,"Small Repairs, Maintenance both small and major — in collective centers are essential to keeping facilities safe, functional, and protective. Activities include repairing or replacing doors, windows, and locks; addressing plumbing and electrical issues; maintaining heating and lighting systems; fixing leaks or structural damages; and ensuring that WASH facilities are properly maintained. - MDL 66,641.84 | Small Repairs, Maintenance both small and major — in collective centers are essential to keeping facilities safe, functional, and protective. Activities include repairing or replacing doors, windows, and locks; addressing plumbing and electrical issues; maintaining heating and lighting systems; fixing leaks or structural damages; and ensuring that WASH facilities are properly maintained.","These measures are conducted to ensuring that displaced people live in safe, dignified, and stable conditions. Beyond restoring basic functionality, these interventions are critical for protection: they reduce health risks linked to mold and poor sanitation, prevent accidents caused by unsafe wiring or damaged structures, and safeguard privacy and security through properly functioning doors and locks. By preventing small problems from escalating into major risks, maintenance works directly support the well-being, safety, and dignity of residents in collective centers.",Acted,34450.22,Unearmarked,Completed,2022,2024,,,,
RAC_207_2,RAC,RAC UID 207 - Winterization,Chisinau,Chisinau,"Mun. Chișinău str. Grenoble, 191",46.981563,28.845234,Collective center,NGO,"Winterization activities in collective centers focus on keeping facilities safe and livable during the cold season. They include insulating and repairing windows and doors, sealing drafts to prevent heat loss, maintaining heating systems, and addressing minor structural issues. These measures ensure that RACs provide warmer, safer, and more dignified living conditions for residents throughout the winter months.- MDL 36,690.15 | Winterization activities in collective centers focus on keeping facilities safe and livable during the cold season. They include insulating and repairing windows and doors, sealing drafts to prevent heat loss, maintaining heating systems, and addressing minor structural issues. These measures ensure that RACs provide warmer, safer, and more dignified living conditions for residents throughout the winter months.","Winterization is an intervention that aims to safeguard the health, dignity, and well-being of displaced people. By reducing exposure to life-threatening cold, it helps prevent illness, strengthens protection, and allows families to live in safety and stability during winter.",Acted,18010.18,Unearmarked,Completed,2022,2024,,,,
RAC_210_3,RAC,RAC UID 210 - Appliance,Causeni,Causeni,"Causeni, str. Nicolae Iorga 8",46.636076,29.401562,Collective center,Grația NGO (Association),"Appliance: The provision and maintenance of basic appliances in collective centers providing refrigerators, stoves, washing machines, driers and other essential household equipment. These interventions ensure that residents can prepare food safely, store perishable items, and maintain personal hygiene. Regular maintenance and replacement of malfunctioning appliances are integral to keeping communal facilities functional and safe.","Functional appliances are critical to maintaining safe and dignified living conditions. They reduce health risks linked to poor food storage and inadequate sanitation, support self-reliance and daily routines, and improve residents’ quality of life. By enabling families to cook, clean, and live safely, appliances contribute to restoring a sense of normalcy, stability, and dignity within the collective centers",Acted,1432.76,Unearmarked,Completed,2024,2024,,,,
RAC_210_6,RAC,RAC UID 210 - Decommissioning,Causeni,Causeni,"Causeni, str. Nicolae Iorga 8",46.636076,29.401562,Collective center,Grația NGO (Association),"Decommission of collective centers is a planned process that takes place after a facility closes. It includes cleaning and disinfecting the premises, conducting necessary small repairs, and restoring the site for its original purpose or adapting it for alternative use. These works ensure that the space is left in a safe, functional, and hygienic condition, ready for handover to local authorities, communities, or owners. MDL 158,075.33","Decommissioning plays a crucial role in ensuring an orderly closure of collective centers. Returning facilities in safe and usable condition, prevents health or safety risks and demonstrates accountability and respect toward the institutions and communities that made these spaces available. The process ensures the facility is returned to host communities and local authorities in a safe and functional condition",Acted,8734.41,Unearmarked,Completed,2024,2024,,,,
RAC_210_1,RAC,RAC UID 210 - Small Repairs & Maintenance,Causeni,Causeni,"Causeni, str. Nicolae Iorga 8",46.636076,29.401562,Collective center,Grația NGO (Association),"Small Repairs, Maintenance both small and major — in collective centers are essential to keeping facilities safe, functional, and protective. Activities include repairing or replacing doors, windows, and locks; addressing plumbing and electrical issues; maintaining heating and lighting systems; fixing leaks or structural damages; and ensuring that WASH facilities are properly maintained.- MDL 8,968.03","These measures are conducted to ensuring that displaced people live in safe, dignified, and stable conditions. Beyond restoring basic functionality, these interventions are critical for protection: they reduce health risks linked to mold and poor sanitation, prevent accidents caused by unsafe wiring or damaged structures, and safeguard privacy and security through properly functioning doors and locks. By preventing small problems from escalating into major risks, maintenance works directly support the well-being, safety, and dignity of residents in collective centers.",Acted,495.53,Unearmarked,Completed,2024,2024,,,,
RAC_226_1,RAC,RAC UID 226 - Small Repairs & Maintenance,Chisinau,Chisinau,"Chisinau, str. Albisoara 86/3",47.040237,28.834833,Collective center,Academy of Economic Studies of Moldova,"Small Repairs, Maintenance both small and major — in collective centers are essential to keeping facilities safe, functional, and protective. Activities include repairing or replacing doors, windows, and locks; addressing plumbing and electrical issues; maintaining heating and lighting systems; fixing leaks or structural damages; and ensuring that WASH facilities are properly maintained.","These measures are conducted to ensuring that displaced people live in safe, dignified, and stable conditions. Beyond restoring basic functionality, these interventions are critical for protection: they reduce health risks linked to mold and poor sanitation, prevent accidents caused by unsafe wiring or damaged structures, and safeguard privacy and security through properly functioning doors and locks. By preventing small problems from escalating into major risks, maintenance works directly support the well-being, safety, and dignity of residents in collective centers.",Acted,13888.28,Unearmarked,Completed,2023,2023,,,,
RAC_232_1,RAC,RAC UID 232 - Small Repairs & Maintenance,Balti,Balti,"Balti, str. Salcamilor 1",47.744256,27.926329,Collective center,NGO,"Small Repairs, Maintenance both small and major — in collective centers are essential to keeping facilities safe, functional, and protective. Activities include repairing or replacing doors, windows, and locks; addressing plumbing and electrical issues; maintaining heating and lighting systems; fixing leaks or structural damages; and ensuring that WASH facilities are properly maintained.","These measures are conducted to ensuring that displaced people live in safe, dignified, and stable conditions. Beyond restoring basic functionality, these interventions are critical for protection: they reduce health risks linked to mold and poor sanitation, prevent accidents caused by unsafe wiring or damaged structures, and safeguard privacy and security through properly functioning doors and locks. By preventing small problems from escalating into major risks, maintenance works directly support the well-being, safety, and dignity of residents in collective centers.",Acted,90819.95,Unearmarked,Completed,2023,2023,,,,
RAC_237_4,RAC,RAC UID 237 - Furniture,Ialoveni,Costesti,"Ialoveni, Costesti, str. Stefan cel Mare 68",46.867643,28.769721,Collective center,Costești Village Hall,Furniture - Chairs: Furniture provision in collective centers focused on the distribution of chairs for residents in common areas and individual rooms. This activity supported to maintain basic comfort and functionality within the centers.,Adequate furniture directly enhances residents’ well-being by improving space in personal space and common areas. It allows families to create a sense of home confort and stability even in temporary accommodation.,Acted,401.63,Unearmarked,Completed,2023,2023,,,,
RAC_237_1,RAC,RAC UID 237 - Small Repairs & Maintenance,Ialoveni,Costesti,"Ialoveni, Costesti, str. Stefan cel Mare 68",46.867643,28.769721,Collective center,Costești Village Hall,"Small Repairs, Maintenance both small and major — in collective centers are essential to keeping facilities safe, functional, and protective. Activities include repairing or replacing doors, windows, and locks; addressing plumbing and electrical issues; maintaining heating and lighting systems; fixing leaks or structural damages; and ensuring that WASH facilities are properly maintained. - MDL 6,863.47","These measures are conducted to ensuring that displaced people live in safe, dignified, and stable conditions. Beyond restoring basic functionality, these interventions are critical for protection: they reduce health risks linked to mold and poor sanitation, prevent accidents caused by unsafe wiring or damaged structures, and safeguard privacy and security through properly functioning doors and locks. By preventing small problems from escalating into major risks, maintenance works directly support the well-being, safety, and dignity of residents in collective centers.",Acted,379.24,Unearmarked,Completed,2024,2024,,,,
RAC_245_1,RAC,RAC UID 245 - Small Repairs & Maintenance,Cimislia,Cimislia,"Cimislia, str. Stefan cel Mare 21",46.520885,28.783868,Collective center,Cimișlia City Hall,"Small Repairs, Maintenance both small and major — in collective centers are essential to keeping facilities safe, functional, and protective. Activities include repairing or replacing doors, windows, and locks; addressing plumbing and electrical issues; maintaining heating and lighting systems; fixing leaks or structural damages; and ensuring that WASH facilities are properly maintained. - MDL 13,629.85 | Small Repairs, Maintenance both small and major — in collective centers are essential to keeping facilities safe, functional, and protective. Activities include repairing or replacing doors, windows, and locks; addressing plumbing and electrical issues; maintaining heating and lighting systems; fixing leaks or structural damages; and ensuring that WASH facilities are properly maintained.","These measures are conducted to ensuring that displaced people live in safe, dignified, and stable conditions. Beyond restoring basic functionality, these interventions are critical for protection: they reduce health risks linked to mold and poor sanitation, prevent accidents caused by unsafe wiring or damaged structures, and safeguard privacy and security through properly functioning doors and locks. By preventing small problems from escalating into major risks, maintenance works directly support the well-being, safety, and dignity of residents in collective centers.",Acted,3112.55,Unearmarked,Completed,2023,2024,,,,
RAC_571_3,RAC,RAC UID 571 - Appliance,Chisinau,Chisinau,Mun. Chișinău str. Studenților 1,47.060523,28.863658,Collective center,Technical University of Moldova,"Appliance: The provision and maintenance of basic appliances in collective centers providing refrigerators, stoves, washing machines, driers and other essential household equipment. These interventions ensure that residents can prepare food safely, store perishable items, and maintain personal hygiene. Regular maintenance and replacement of malfunctioning appliances are integral to keeping communal facilities functional and safe.","Functional appliances are critical to maintaining safe and dignified living conditions. They reduce health risks linked to poor food storage and inadequate sanitation, support self-reliance and daily routines, and improve residents’ quality of life. By enabling families to cook, clean, and live safely, appliances contribute to restoring a sense of normalcy, stability, and dignity within the collective centers",Acted,679.63,Unearmarked,Completed,2024,2024,,,,
RAC_571_4,RAC,RAC UID 571 - Furniture,Chisinau,Chisinau,Mun. Chișinău str. Studenților 1,47.060523,28.863658,Collective center,Technical University of Moldova,Furniture - Chairs: Furniture provision in collective centers focused on the distribution of chairs for residents in common areas and individual rooms. This activity supported to maintain basic comfort and functionality within the centers.,Adequate furniture directly enhances residents’ well-being by improving space in personal space and common areas. It allows families to create a sense of home confort and stability even in temporary accommodation.,Acted,401.63,Unearmarked,Completed,2023,2023,,,,
RAC_571_1,RAC,RAC UID 571 - Small Repairs & Maintenance,Chisinau,Chisinau,Mun. Chișinău str. Studenților 1,47.060523,28.863658,Collective center,Technical University of Moldova,"Small Repairs, Maintenance both small and major — in collective centers are essential to keeping facilities safe, functional, and protective. Activities include repairing or replacing doors, windows, and locks; addressing plumbing and electrical issues; maintaining heating and lighting systems; fixing leaks or structural damages; and ensuring that WASH facilities are properly maintained. - MDL 87,533.41 | Small Repairs, Maintenance both small and major — in collective centers are essential to keeping facilities safe, functional, and protective. Activities include repairing or replacing doors, windows, and locks; addressing plumbing and electrical issues; maintaining heating and lighting systems; fixing leaks or structural damages; and ensuring that WASH facilities are properly maintained.","These measures are conducted to ensuring that displaced people live in safe, dignified, and stable conditions. Beyond restoring basic functionality, these interventions are critical for protection: they reduce health risks linked to mold and poor sanitation, prevent accidents caused by unsafe wiring or damaged structures, and safeguard privacy and security through properly functioning doors and locks. By preventing small problems from escalating into major risks, maintenance works directly support the well-being, safety, and dignity of residents in collective centers.",Acted,18724.91,Unearmarked,Completed,2023,2024,,,,
RAC_572_3,RAC,RAC UID 572 - Appliance,Chisinau,Chisinau,Mun. Chișinău str. Studenților 7/1,47.060312,28.865000,Collective center,Technical University of Moldova,"Appliance: The provision and maintenance of basic appliances in collective centers providing refrigerators, stoves, washing machines, driers and other essential household equipment. These interventions ensure that residents can prepare food safely, store perishable items, and maintain personal hygiene. Regular maintenance and replacement of malfunctioning appliances are integral to keeping communal facilities functional and safe.","Functional appliances are critical to maintaining safe and dignified living conditions. They reduce health risks linked to poor food storage and inadequate sanitation, support self-reliance and daily routines, and improve residents’ quality of life. By enabling families to cook, clean, and live safely, appliances contribute to restoring a sense of normalcy, stability, and dignity within the collective centers",Acted,453.09,Unearmarked,Completed,2024,2024,,,,
RAC_572_4,RAC,RAC UID 572 - Furniture,Chisinau,Chisinau,Mun. Chișinău str. Studenților 7/1,47.060312,28.865000,Collective center,Technical University of Moldova,Furniture - Chairs: Furniture provision in collective centers focused on the distribution of chairs for residents in common areas and individual rooms. This activity supported to maintain basic comfort and functionality within the centers.,Adequate furniture directly enhances residents’ well-being by improving space in personal space and common areas. It allows families to create a sense of home confort and stability even in temporary accommodation.,Acted,401.63,Unearmarked,Completed,2023,2023,,,,
RAC_572_1,RAC,RAC UID 572 - Small Repairs & Maintenance,Chisinau,Chisinau,Mun. Chișinău str. Studenților 7/1,47.060312,28.865000,Collective center,Technical University of Moldova,"Small Repairs, Maintenance both small and major — in collective centers are essential to keeping facilities safe, functional, and protective. Activities include repairing or replacing doors, windows, and locks; addressing plumbing and electrical issues; maintaining heating and lighting systems; fixing leaks or structural damages; and ensuring that WASH facilities are properly maintained. - MDL 155,730.4 | Small Repairs, Maintenance both small and major — in collective centers are essential to keeping facilities safe, functional, and protective. Activities include repairing or replacing doors, windows, and locks; addressing plumbing and electrical issues; maintaining heating and lighting systems; fixing leaks or structural damages; and ensuring that WASH facilities are properly maintained.","These measures are conducted to ensuring that displaced people live in safe, dignified, and stable conditions. Beyond restoring basic functionality, these interventions are critical for protection: they reduce health risks linked to mold and poor sanitation, prevent accidents caused by unsafe wiring or damaged structures, and safeguard privacy and security through properly functioning doors and locks. By preventing small problems from escalating into major risks, maintenance works directly support the well-being, safety, and dignity of residents in collective centers.",Acted,22836.70,Unearmarked,Completed,2023,2024,,,,
RAC_572_2,RAC,RAC UID 572 - Winterization,Chisinau,Chisinau,Mun. Chișinău str. Studenților 7/1,47.060312,28.865000,Collective center,Technical University of Moldova,"Winterization activities in collective centers focus on keeping facilities safe and livable during the cold season. They include insulating and repairing windows and doors, sealing drafts to prevent heat loss, maintaining heating systems, and addressing minor structural issues. These measures ensure that RACs provide warmer, safer, and more dignified living conditions for residents throughout the winter months.- MDL 11,306.83 | Winterization activities in collective centers focus on keeping facilities safe and livable during the cold season. They include insulating and repairing windows and doors, sealing drafts to prevent heat loss, maintaining heating systems, and addressing minor structural issues. These measures ensure that RACs provide warmer, safer, and more dignified living conditions for residents throughout the winter months.","Winterization is an intervention that aims to safeguard the health, dignity, and well-being of displaced people. By reducing exposure to life-threatening cold, it helps prevent illness, strengthens protection, and allows families to live in safety and stability during winter.",Acted,7024.73,Unearmarked,Completed,2022,2024,,,,
RAC_573_4,RAC,RAC UID 573 - Furniture,Chisinau,Chisinau,"Mun. Chisinau, str. Florilor 4b",47.047177,28.855599,Collective center,Technical University of Moldova,Furniture - Chairs: Furniture provision in collective centers focused on the distribution of chairs for residents in common areas and individual rooms. This activity supported to maintain basic comfort and functionality within the centers.,Adequate furniture directly enhances residents’ well-being by improving space in personal space and common areas. It allows families to create a sense of home confort and stability even in temporary accommodation.,Acted,401.63,Unearmarked,Completed,2023,2023,,,,
RAC_573_1,RAC,RAC UID 573 - Small Repairs & Maintenance,Chisinau,Chisinau,"Mun. Chisinau, str. Florilor 4b",47.047177,28.855599,Collective center,Technical University of Moldova,"Small Repairs, Maintenance both small and major — in collective centers are essential to keeping facilities safe, functional, and protective. Activities include repairing or replacing doors, windows, and locks; addressing plumbing and electrical issues; maintaining heating and lighting systems; fixing leaks or structural damages; and ensuring that WASH facilities are properly maintained. - MDL 17,030.64 | Small Repairs, Maintenance both small and major — in collective centers are essential to keeping facilities safe, functional, and protective. Activities include repairing or replacing doors, windows, and locks; addressing plumbing and electrical issues; maintaining heating and lighting systems; fixing leaks or structural damages; and ensuring that WASH facilities are properly maintained.","These measures are conducted to ensuring that displaced people live in safe, dignified, and stable conditions. Beyond restoring basic functionality, these interventions are critical for protection: they reduce health risks linked to mold and poor sanitation, prevent accidents caused by unsafe wiring or damaged structures, and safeguard privacy and security through properly functioning doors and locks. By preventing small problems from escalating into major risks, maintenance works directly support the well-being, safety, and dignity of residents in collective centers.",Acted,25649.73,Unearmarked,Completed,2022,2024,,,,
RAC_573_2,RAC,RAC UID 573 - Winterization,Chisinau,Chisinau,"Mun. Chisinau, str. Florilor 4b",47.047177,28.855599,Collective center,Technical University of Moldova,"Winterization activities in collective centers focus on keeping facilities safe and livable during the cold season. They include insulating and repairing windows and doors, sealing drafts to prevent heat loss, maintaining heating systems, and addressing minor structural issues. These measures ensure that RACs provide warmer, safer, and more dignified living conditions for residents throughout the winter months.","Winterization is an intervention that aims to safeguard the health, dignity, and well-being of displaced people. By reducing exposure to life-threatening cold, it helps prevent illness, strengthens protection, and allows families to live in safety and stability during winter.",Acted,1293.39,Unearmarked,Completed,2022,2022,,,,
RAC_574_3,RAC,RAC UID 574 - Appliance,Chisinau,Chisinau,"Mun. Chișinău str. Florilor, 4b",47.047410,28.855734,Collective center,Technical University of Moldova,"Appliance: The provision and maintenance of basic appliances in collective centers providing refrigerators, stoves, washing machines, driers and other essential household equipment. These interventions ensure that residents can prepare food safely, store perishable items, and maintain personal hygiene. Regular maintenance and replacement of malfunctioning appliances are integral to keeping communal facilities functional and safe.","Functional appliances are critical to maintaining safe and dignified living conditions. They reduce health risks linked to poor food storage and inadequate sanitation, support self-reliance and daily routines, and improve residents’ quality of life. By enabling families to cook, clean, and live safely, appliances contribute to restoring a sense of normalcy, stability, and dignity within the collective centers",Acted,90.62,Unearmarked,Completed,2024,2024,,,,
RAC_574_4,RAC,RAC UID 574 - Furniture,Chisinau,Chisinau,"Mun. Chișinău str. Florilor, 4b",47.047410,28.855734,Collective center,Technical University of Moldova,Furniture - Chairs: Furniture provision in collective centers focused on the distribution of chairs for residents in common areas and individual rooms. This activity supported to maintain basic comfort and functionality within the centers.,Adequate furniture directly enhances residents’ well-being by improving space in personal space and common areas. It allows families to create a sense of home confort and stability even in temporary accommodation.,Acted,401.63,Unearmarked,Completed,2023,2023,,,,
RAC_574_1,RAC,RAC UID 574 - Small Repairs & Maintenance,Chisinau,Chisinau,"Mun. Chișinău str. Florilor, 4b",47.047410,28.855734,Collective center,Technical University of Moldova,"Small Repairs, Maintenance both small and major — in collective centers are essential to keeping facilities safe, functional, and protective. Activities include repairing or replacing doors, windows, and locks; addressing plumbing and electrical issues; maintaining heating and lighting systems; fixing leaks or structural damages; and ensuring that WASH facilities are properly maintained. - MDL 42,852.47 | Small Repairs, Maintenance both small and major — in collective centers are essential to keeping facilities safe, functional, and protective. Activities include repairing or replacing doors, windows, and locks; addressing plumbing and electrical issues; maintaining heating and lighting systems; fixing leaks or structural damages; and ensuring that WASH facilities are properly maintained.","These measures are conducted to ensuring that displaced people live in safe, dignified, and stable conditions. Beyond restoring basic functionality, these interventions are critical for protection: they reduce health risks linked to mold and poor sanitation, prevent accidents caused by unsafe wiring or damaged structures, and safeguard privacy and security through properly functioning doors and locks. By preventing small problems from escalating into major risks, maintenance works directly support the well-being, safety, and dignity of residents in collective centers.",Acted,13115.12,Unearmarked,Completed,2023,2024,,,,
RAC_574_2,RAC,RAC UID 574 - Winterization,Chisinau,Chisinau,"Mun. Chișinău str. Florilor, 4b",47.047410,28.855734,Collective center,Technical University of Moldova,"Winterization activities in collective centers focus on keeping facilities safe and livable during the cold season. They include insulating and repairing windows and doors, sealing drafts to prevent heat loss, maintaining heating systems, and addressing minor structural issues. These measures ensure that RACs provide warmer, safer, and more dignified living conditions for residents throughout the winter months.","Winterization is an intervention that aims to safeguard the health, dignity, and well-being of displaced people. By reducing exposure to life-threatening cold, it helps prevent illness, strengthens protection, and allows families to live in safety and stability during winter.",Acted,9432.14,Unearmarked,Completed,2022,2022,,,,
RAC_1091_5,RAC,RAC UID 1091 - Disinfection / Disinsection Services,Chisinau,Chisinau,"Mun. Chisinau, str. Florilor 4/6",47.046296,28.856560,Collective center,Moldova State University,"Disinsection services, Disinfection activities in collective centers focus on safeguarding the health, dignity, and well-being of displaced people. Works include pest control to eliminate bed bugs, cockroaches, and other infestations, alongside thorough cleaning and treatment of living spaces, furniture, bedding, and sanitary facilities. These actions restore hygienic and safe conditions, prevent disease transmission, and uphold the dignity and comfort of residents living in collective settings. - MDL .29,000","The measure is vital for protecting the health, dignity, and well-being of displaced people. Eliminating infestations reduces the risk of disease, prevents allergic reactions or skin problems caused by bed bugs, and improves the overall sense of safety and comfort in the centers. Beyond health, it also contributes to protection by ensuring residents’ dignity, and mental well-being are not undermined by poor living conditions.",Acted,1602.39,Unearmarked,Completed,2024,2024,,,,
RAC_1091_1,RAC,RAC UID 1091 - Small Repairs & Maintenance,Chisinau,Chisinau,"Mun. Chisinau, str. Florilor 4/6",47.046296,28.856560,Collective center,Moldova State University,"Small Repairs, Maintenance both small and major — in collective centers are essential to keeping facilities safe, functional, and protective. Activities include repairing or replacing doors, windows, and locks; addressing plumbing and electrical issues; maintaining heating and lighting systems; fixing leaks or structural damages; and ensuring that WASH facilities are properly maintained. - MDL 15,361.8 | Small Repairs, Maintenance both small and major — in collective centers are essential to keeping facilities safe, functional, and protective. Activities include repairing or replacing doors, windows, and locks; addressing plumbing and electrical issues; maintaining heating and lighting systems; fixing leaks or structural damages; and ensuring that WASH facilities are properly maintained.","These measures are conducted to ensuring that displaced people live in safe, dignified, and stable conditions. Beyond restoring basic functionality, these interventions are critical for protection: they reduce health risks linked to mold and poor sanitation, prevent accidents caused by unsafe wiring or damaged structures, and safeguard privacy and security through properly functioning doors and locks. By preventing small problems from escalating into major risks, maintenance works directly support the well-being, safety, and dignity of residents in collective centers.",Acted,24742.69,Unearmarked,Completed,2023,2024,,,,
RAC_1092_3,RAC,RAC UID 1092 - Appliance,Chisinau,Chisinau,Mun. Chișinău str. N. Testemițeanu 6,47.004153,28.836610,Collective center,Moldova State University,"Appliance: The provision and maintenance of basic appliances in collective centers providing refrigerators, stoves, washing machines, driers and other essential household equipment. These interventions ensure that residents can prepare food safely, store perishable items, and maintain personal hygiene. Regular maintenance and replacement of malfunctioning appliances are integral to keeping communal facilities functional and safe.","Functional appliances are critical to maintaining safe and dignified living conditions. They reduce health risks linked to poor food storage and inadequate sanitation, support self-reliance and daily routines, and improve residents’ quality of life. By enabling families to cook, clean, and live safely, appliances contribute to restoring a sense of normalcy, stability, and dignity within the collective centers",Acted,860.87,Unearmarked,Completed,2024,2024,,,,
RAC_1092_1,RAC,RAC UID 1092 - Small Repairs & Maintenance,Chisinau,Chisinau,Mun. Chișinău str. N. Testemițeanu 6,47.004153,28.836610,Collective center,Moldova State University,"Small Repairs, Maintenance both small and major — in collective centers are essential to keeping facilities safe, functional, and protective. Activities include repairing or replacing doors, windows, and locks; addressing plumbing and electrical issues; maintaining heating and lighting systems; fixing leaks or structural damages; and ensuring that WASH facilities are properly maintained. - MDL 233,962.71 | Small Repairs, Maintenance both small and major — in collective centers are essential to keeping facilities safe, functional, and protective. Activities include repairing or replacing doors, windows, and locks; addressing plumbing and electrical issues; maintaining heating and lighting systems; fixing leaks or structural damages; and ensuring that WASH facilities are properly maintained.","These measures are conducted to ensuring that displaced people live in safe, dignified, and stable conditions. Beyond restoring basic functionality, these interventions are critical for protection: they reduce health risks linked to mold and poor sanitation, prevent accidents caused by unsafe wiring or damaged structures, and safeguard privacy and security through properly functioning doors and locks. By preventing small problems from escalating into major risks, maintenance works directly support the well-being, safety, and dignity of residents in collective centers.",Acted,307845.27,Unearmarked,Completed,2022,2024,,,,
RAC_1092_2,RAC,RAC UID 1092 - Winterization,Chisinau,Chisinau,Mun. Chișinău str. N. Testemițeanu 6,47.004153,28.836610,Collective center,Moldova State University,"Winterization activities in collective centers focus on keeping facilities safe and livable during the cold season. They include insulating and repairing windows and doors, sealing drafts to prevent heat loss, maintaining heating systems, and addressing minor structural issues. These measures ensure that RACs provide warmer, safer, and more dignified living conditions for residents throughout the winter months.","Winterization is an intervention that aims to safeguard the health, dignity, and well-being of displaced people. By reducing exposure to life-threatening cold, it helps prevent illness, strengthens protection, and allows families to live in safety and stability during winter.",Acted,114705.28,Unearmarked,Completed,2022,2022,,,,
ACCM_1,RAC,Specialized Accommodation Centre - Renovation,Chisinau,Chisinau,Valea Rediului 16 street,46.993237,28.780151,Specialised accommodation centre,MLSP,"In 2023, the project involved a thorough renovation of the 4th floor of the building, resulting in an expansion that added 22 additional rooms, additionally, in the first floor two toilets facilities were adecuated for people with disabilities. In 2024, the 3rd floor was also fully renovated to ensure that additional 22 rooms are in good conditions. 2023: USD 205,151.78 (3,984,252.82 MDL) ex.rate 19.421 2024: USD 248,644.78 (4,499,973.29 MDL) ex.rate 18.098","As part of the support initiative by the Government of the Republic of Moldova aimed at establishing long-term accommodation centers, particularly focusing on providing specialized care for persons with disability and older persons, this project aimed to enhance the capacity and living conditions of the accommodation center.",Acted,453796.56,PRM,Completed,2023,2024,,,,
CSC_01,CSC,Cahul Community Service Centre,Cahul,Cahul,"Pacii 6, Street, MD-3901, Cahul",45.894642,28.189833,Community Service Centre,Cahul District Council,"In 2023, UNHCR completed the rehabilitation of three classrooms in a school. This included spatial redistribution to accommodate protection, social, and recreational services. The project also involved improvements to the outdoor space, such as the construction of pedestrian pathways, and enhancements to the building’s facade, improving both its aesthetic appeal and durability. 2022: USD 125,637.74 (2,209,967.93 MDL) exc.rate 17.590 2023: USD 63,041.31 (1,224,325.31 MDL) exc. rate 19.421","This CSC is a safe public spaces where refugees and locals can gather for learning, social, and recreational activities. This centre offers a wide range of integrated protection services, including legal aid, education, livelihoods training, psycho-social support, gender-based violence prevention, child protection interventions, and in-kind assistance tailored to the specific needs of persons with disabilities and vulnerable individuals. This centre is established in a space belonging to the local authorities, ensuring sustainability and relevance for both displaced and host communities.",Acted,188679.05,Unearmarked,Completed,2022,2023,,,,
CSC_02,CSC,Causeni Community Service Centre,Causeni,Causeni,"Alexei Mateevici, 7, Street, MD- 4301",46.640160,29.409539,Community Service Centre,Causeni District Council,"UNHCR initiated the establishment of a CSC in Căușeni in 2022. In collaboration with local authorities, suitable premises were identified, and by 2023, the rehabilitation was completed. The works included the development of an outdoor area with a children’s playground and sports field, along with the construction of a large stage. In 2024, a former garage/storage space was repurposed and upgraded into a multifunctional room to expand the capacity of the main building. The upgrades done in 2024 included pouring a new floor, installing drywall, and introducing new heating, electrical, and ventilation systems. 2022: USD 242,762.45 (4,270,191.52 MDL) ex.rate 17.590 2023: USD 182,194.87 (3,538,406.71 MDL) ex.rate 19.421 2024: USD 12,645.11 (219,658 MDL)","The renovated spaces and the new stage encourage active lifestyle for refugees and host community. The stage provides the only outdoor space that can host large events, workshops. For outdoor activities, a smaller space was also renovated.",Acted 2022-2023 Direct Implementation 2024,437602.43,Unearmarked,Completed,2022,2023,,,,
CSC_03,CSC,"Donduseni Community Service Centre at the School ""A.Puşkin"" premises",Donduseni,Donduseni,"Iuri Gagarin 1a, Street",48.241789,27.605438,Community Service Centre,Donduseni District Council,"The intervention focused in the revitalizaition of an abandon building, starting in 2022 with the full renovation of the facility, contruction of a module of toilets, creating bigger windows to better natural illumination in the main room. In 2023, the owrks focused in improving the thermal comfort within the building by installing 10 cm thick expanded polystyrene boards on all facades. Ventilation ducts were also installed to prevent mold formation in the internal walls. Additionally, pedestrian pathways were constructed to provide universal access, and rainwater harvesting channels were installed along the roof. 2022: USD 56,744.53 (998,136.37 MDL) exc.rate 17.590 2023: USD 73,901.77 (1,435,246.41 MDL) ex.rate 19.421","This CSC is a safe public spaces where refugees and locals can gather for learning, social, and recreational activities. This centre offers a wide range of integrated protection services, including legal aid, education, livelihoods training, psycho-social support, gender-based violence prevention, child protection interventions, and in-kind assistance tailored to the specific needs of persons with disabilities and vulnerable individuals. This centre is established in a space belonging to the local authorities, ensuring sustainability and relevance for both displaced and host communities.",Acted,130646.30,Unearmarked,Completed,2022,2023,,,,
CSC_04,CSC,Comrat Community Service Centre,UTA Gagauzia,Comrat,"Ostrovschi 2, Street",46.291548,28.653383,Community Service Centre,"The building is owned by the lyceum, while the land belongs to the municipality.","Infrastructure development continued throughout the year, with a focus on completing the construction of the outdoor area featuring an organic design. This design includes a large wooden stage, three functional wooden areas for various activities, the establishment of a children's playground, and the installation of lighting poles. Additionally, efforts were directed towards enhancing a specific room designated for protection interviews. 2022: USD 294,867.14 (5,186,713 MDL) exc.rate 17.590 2023: USD 140,137.73 (2,721,615 MDL) ex.rate 19.421","This CSC is a safe public spaces where refugees and locals can gather for learning, social, and recreational activities. This centre offers a wide range of integrated protection services, including legal aid, education, livelihoods training, psycho-social support, gender-based violence prevention, child protection interventions, and in-kind assistance tailored to the specific needs of persons with disabilities and vulnerable individuals. This centre is established in a space belonging to the local authorities, ensuring sustainability and relevance for both displaced and host communities.",Acted,435004.87,Unearmarked,Completed,2022,2023,,,,
CSC_05,CSC,Ungheni Community Service Centre,Ungheni,Ungheni,"N. Bălcescu 9, Street",47.202311,27.793809,Community Service Centre,Ungheni Municipality,"The space is located on the 1st floor of Ungheni Palace of Culture, covering an area of 295 m2 and a back yard court for a children’s playground. The intervention was 2023: USD 188,797.29 (3,666,632.26 MDL) ex.rate 19.421","It will offer various services and functions, similar to other CSCs, including cash assistance, protection interviews, a child-friendly space, psychological support, and training facilities, catering to the diverse needs of the community.",Acted,188797.29,Unearmarked,Completed,2023,2023,,,,
CSC_06,CSC,Balti Community Service Centre,Balti,Balti,Street Conev 7,47.787313,27.892869,Community Service Centre,Balti Municipality,"2024: 4,073,082.40 MDL - ex.rate 18.098","This CSC is a safe public spaces where refugees and locals can gather for learning, social, and recreational activities. This centre offers a wide range of integrated protection services, including legal aid, education, livelihoods training, psycho-social support, gender-based violence prevention, child protection interventions, and in-kind assistance tailored to the specific needs of persons with disabilities and vulnerable individuals. This centre is established in a space belonging to the local authorities, ensuring sustainability and relevance for both displaced and host communities.",Acted,225057.04,PRM,Completed,2024,2024,,,,
CSC_07,CSC,Chisinau Community Service Centre,Chisinau,Chisinau,August 1989 151,47.029367,28.819120,Community Service Centre,Private,N/A,"Established in 2022, Community Center 151 (CC151) was the first center launched under the CSC modality and is operated by UNHCR partner NGO Laolalta. It serves as a safe public space where refugees and host community members can gather for educational, social, and recreational activities. The center offers a comprehensive range of integrated protection services, including education, mental health and psychosocial support (MHPSS), gender-based violence (GBV) prevention, and child protection interventions alongside robust referral pathways for specialized support, such as legal assistance.",,,Unearmarked,,,,,,,
CSI_2022_01,CSI,Ukrainian Days in Moldova Festival,Chisinau,Chisinau,str. Zamfir Arbore 6,47.033083,28.836735,,,"Celebrating the cultural ties and shared future of Ukraine and the Republic of Moldova, this festival featured a comprehensive program of high-level dialogue and cultural exchange. The event focused on two major pillars: • Strategic Dialogue: Professional discussion panels explored crisis response strategies and the future of socio-economic partnerships between the two nations. • Cultural Exchange: A vibrant showcase of shared heritage, including a joint display of national costumes, traditional Moldovan music and dance performances, and a ""Borsch Festival.""",,CCR,,Unearmarked,Completed,,2022,,,,assets/photos/CSI_2022_01/CSI_2022_01.png
CSI_2022_02,CSI,8th International Festival Taurul de aur,Chisinau,Chisinau,str. Alexandru Lapusneanu 2A,47.031440,28.817690,,,"An inclusive international festival dedicated to empowering individuals with disabilities through athletic competition and cultural connection. The event brought together local athletes, Ukrainian refugees, and participants from Romania, France, and beyond. The festival featured competitive tournaments across multiple disciplines: • Strength & Precision: Powerlifting, armwrestling, archery, and darts. • Strategy & Agility: Chess and table tennis.",,CCR,,Unearmarked,Completed,,2022,,,,assets/photos/CSI_2022_02/CSI_2022_02.png
CSI_2022_03,CSI,GustoHora festival in Mereni,Anenii Noi,Mereni,,46.961447,29.056463,,,"A series of five open-air food festivals held across Moldova (Mereni, Vadul lui Voda, Todiresti, Balti, Hirbovat) to foster social integration between Ukrainian refugees and local host communities. These events engaged approximately 270 beneficiaries (a total of five locations), specifically supporting vulnerable groups including single women, families, the elderly, and persons with disabilities. Through culinary collaboration, beneficiaries and locals co-prepared traditional meals to build community ties, while dedicated play areas ensured a welcoming environment for children of all ages.",,CCR,,Unearmarked,Completed,,2022,,,,assets/photos/CSI_2022_03/CSI_2022_03.png
CSI_2022_04,CSI,GustoHora festival in Vadului Voda,Chisinau,Vadul lui Voda,,47.093100,29.074229,,,"A series of five open-air food festivals held across Moldova (Mereni, Vadul lui Voda, Todiresti, Balti, Hirbovat) to foster social integration between Ukrainian refugees and local host communities. These events engaged approximately 270 beneficiaries (a total of five locations), specifically supporting vulnerable groups including single women, families, the elderly, and persons with disabilities. Through culinary collaboration, beneficiaries and locals co-prepared traditional meals to build community ties, while dedicated play areas ensured a welcoming environment for children of all ages.",,CCR,,Unearmarked,Completed,,,,,,assets/photos/CSI_2022_04/CSI_2022_04.png
CSI_2022_05,CSI,GustoHora festival in Todiresti,Ungheni,Todiresti,,46.907206,29.089136,,,"A series of five open-air food festivals held across Moldova (Mereni, Vadul lui Voda, Todiresti, Balti, Hirbovat) to foster social integration between Ukrainian refugees and local host communities. These events engaged approximately 270 beneficiaries (a total of five locations), specifically supporting vulnerable groups including single women, families, the elderly, and persons with disabilities. Through culinary collaboration, beneficiaries and locals co-prepared traditional meals to build community ties, while dedicated play areas ensured a welcoming environment for children of all ages.",,CCR,,Unearmarked,Completed,,,,,,assets/photos/CSI_2022_05/CSI_2022_05.png
CSI_2022_06,CSI,GustoHora festival in Balti,Balti,Balti,,47.753949,27.919209,,,"A series of five open-air food festivals held across Moldova (Mereni, Vadul lui Voda, Todiresti, Balti, Hirbovat) to foster social integration between Ukrainian refugees and local host communities. These events engaged approximately 270 beneficiaries (a total of five locations), specifically supporting vulnerable groups including single women, families, the elderly, and persons with disabilities. Through culinary collaboration, beneficiaries and locals co-prepared traditional meals to build community ties, while dedicated play areas ensured a welcoming environment for children of all ages.",,CCR,,Unearmarked,Completed,,,,,,
CSI_2022_07,CSI,GustoHora festival in Hirbovat,Anenii Noi,Hirbovat,,46.841305,29.358485,,,"A series of five open-air food festivals held across Moldova (Mereni, Vadul lui Voda, Todiresti, Balti, Hirbovat) to foster social integration between Ukrainian refugees and local host communities. These events engaged approximately 270 beneficiaries (a total of five locations), specifically supporting vulnerable groups including single women, families, the elderly, and persons with disabilities. Through culinary collaboration, beneficiaries and locals co-prepared traditional meals to build community ties, while dedicated play areas ensured a welcoming environment for children of all ages.",,CCR,,Unearmarked,Completed,,,,,,assets/photos/CSI_2022_07/CSI_2022_07.png
CSI_2022_08,CSI,The Best for children,Causeni,Causeni,,46.640095,29.405470,,,"Hosted within the library, this project provided a diverse range of educational and recreational activities designed to support the development and well-being of children. The program featured creative workshops in painting and modeling, alongside art therapy sessions and energetic dance, music, and sports activities. To foster social awareness, the initiative included informative sessions on Moldovan and Ukrainian traditions, professions, and the values of tolerance, providing a holistic and inclusive environment for all young beneficiaries.",,CCR,,Unearmarked,Completed,,2022,,,,
CSI_2022_09,CSI,Digital education – basis of the litteracy in a contemporary society.,Edinet,Edinet,str. Visinarilor 11,48.174075,27.286973,,,"This project equipped a dedicated digital room to serve as a hub for lifelong learning and cross-border academic collaboration. The facility provided essential IT courses for both adults and children, while facilitating access to online classes and extracurricular activities for Ukrainian students. Beyond technical training, the space hosted Youth Club meetings, professional team-building sessions, and Ukrainian language masterclasses. The project’s academic impact was further strengthened through sociocultural conferences organized in partnership with Balti State University’s Slavistic Faculty and the Institute of Bessarabia (Chernivtsi).",,CCR,,Unearmarked,Completed,,2022,,,,
CSI_2022_10,CSI,Camp for teenagers,Balti,Balti,,47.753949,27.919209,,,"This youth-focused initiative combined recreational fun with essential skill-building through a dynamic program led by dedicated workers and volunteers. The camp featured interactive trainings on critical modern topics such as conflict resolution, communication, online security, and media literacy. To balance education with social engagement, the program included team-building exercises, creative handmade and painting workshops, and lively karaoke and disco evenings, providing a safe and enriching environment for young people to connect and grow.",,CCR,,Unearmarked,Completed,,2022,,,,
CSI_2022_11,CSI,Kids up (Day-care for children),Gagauzia,Comrat,,46.313866,28.731984,,,"This project supported mothers and children from refugee population (from Comrat and Ceadir Lunga) by providing a safe, educational environment across three specialized playrooms. The center offered non-formal daycare for at least 100 children aged 3–6, alongside targeted school-preparatory activities for 60 children to ensure a smooth transition into the education system. Additionally, the initiative provided free English language classes for 60 beneficiaries across three age groups—ranging from 4 to 12 years old—equipping young students with essential communication skills for their future.",,CCR,,Unearmarked,Completed,,2022,,,,
CSI_2022_12,CSI,Kids up (Day-care for children),Gagauzia,Ceadir Lunga,,46.061804,28.830722,,,"This project supported mothers and children from refugee population (from Comrat and Ceadir Lunga) by providing a safe, educational environment across three specialized playrooms. The center offered non-formal daycare for at least 100 children aged 3–6, alongside targeted school-preparatory activities for 60 children to ensure a smooth transition into the education system. Additionally, the initiative provided free English language classes for 60 beneficiaries across three age groups—ranging from 4 to 12 years old—equipping young students with essential communication skills for their future.",,CCR,,Unearmarked,Completed,,,,,,
CSI_2022_13,CSI,Summer camp and an after-school program,Chisinau,Chisinau,str. Vissarion Beliski 20,47.028267,28.802912,,,"This comprehensive initiative provided a balanced blend of academic support, modern skills, and community empowerment. The youth program featured a diverse curriculum ranging from robotics, computer science, and financial education to Romanian and English language courses, complemented by sports and board games. Simultaneously, the project supported refugee women through a series of ten weekly workshops at the Casa Buna center, focusing on career development, healthcare, and social integration. To ensure full participation, facilitators led dedicated activities for children in the same facility, allowing mothers to engage in sessions while their children learned and played.",,CCR,,Unearmarked,Completed,,2022,,,,
CSI_2022_14,CSI,“I Carry the World” Christmas Caravan,Chisinau,Chisinau,31 August 1989 Str. 151,47.029493,28.819112,,,"This project organized and implemented four festive Christmas performances across Refugee Accommodation Centers (RACs) in Chisinau to support and uplift displaced communities. To document and promote the initiative, a range of promotional materials was produced, including a dedicated film and commemorative apparel. Additionally, the project hosted a charitable auction, successfully engaging the community and raising visibility for the refugee cause.",,CCR,,Unearmarked,Completed,,2022,,,,assets/photos/CSI_2022_14/CSI_2022_14.png
CSI_2022_15,CSI,Force of women: Women-Friendly Community Space,Stefan Voda,Volintiri,,46.429487,29.605371,,,"This project established a dedicated, supportive environment for the women’s club, offering a wide range of activities including yoga, pilates, oriental dance, and massage therapy alongside social events like cooking sessions, board games, and movie screenings. Located in a village near the Palanca border, the space was designed to serve 35 current refugees while maintaining the strategic capacity to be repurposed or extended to assist new arrivals in the event of future refugee flows.",,CCR,,Unearmarked,Completed,,2022,,,,
CSI_2022_16,CSI,A Step Towards a Healthy Lifestyle,Transnistria,Tiraspol,"str. Karl Liebknecht, 144A",46.838094,29.589859,,,"This project promoted emotional and psychological well-being for refugee children affected by war through a combination of professional counseling, gymnastics, and social integration events. The initiative served a broad range of beneficiaries, including children with mental disabilities, fostering an inclusive environment for health and wellness. The space was provided free of charge by the authorities, who also covered all utility costs to ensure these essential services remained accessible to the community.",,CCR,,Unearmarked,Completed,,2022,,,,
CSI_2022_17,CSI,Unity Football Bootcamp: Winter Edition,Chisinau,Chisinau,Str. Mitropolit Gavril Banulescu-Bodoni 33,47.023303,28.827176,,,"This project fostered social integration for children through a specialized winter football program. The bootcamp combined outdoor athletic training with indoor activities, including strategic games and professional counseling sessions. The initiative gained significant traction and was characterized by strong support from the local business community, which partnered with the organizers to empower the young participants.",,CCR,,Unearmarked,Completed,,2022,,,,assets/photos/CSI_2022_17/CSI_2022_17.png
CSI_2022_18,CSI,Winter Festival: Drum de iarnă,Anenii Noi,Hirbovat,,46.841522,29.358169,,,"The winter festival ”Drum de iarnă” was organized to enhance social cohesion and make local communities more welcoming for displaced individuals. The event featured a vibrant fair showcasing local products, alongside a folk concert, theatrical performances, and traditional dances. To promote cultural exchange, the festival hosted workshops on popular crafts and gastronomy, where traditional Moldovan and refugee traditions were blended. The program also included various interactive activities designed specifically for children, ensuring an inclusive experience for all beneficiaries.",,CCR,,Unearmarked,Completed,,2022,,,,assets/photos/CSI_2022_18/CSI_2022_18.png
CSI_2022_19,CSI,Improved Hygiene Facilities for Roma and Refugee Communities,Ocnita,Otaci,Stefan Cel Mare 121/1,48.450378,27.759239,,,"This project significantly enhanced the living conditions and personal hygiene standards for vulnerable ethnic Roma families and Ukrainian refugees. In cooperation with NGO Bahtalo Ker the initiative rehabilitate and equipped a dedicated sanitary space and provided essential access to fully functional showers, toilets, and sinks. Additionally, the installation of laundry facilities, including washing machines, ensured that beneficiaries had the necessary resources to maintain health and dignity within their community environment.",,CCR,,Unearmarked,Completed,,2022,,,,assets/photos/CSI_2022_19/CSI_2022_19.png
CSI_2022_20,CSI,Refugee Information and Education Center,Transnistria,Tiraspol,Str. Lenina 337,46.842658,29.624322,,,"This project ensured vital connectivity and access to resources for displaced individuals by establishing a dedicated hub for communication and learning. The center provided refugee pupils with the necessary tools for online education while helping adults maintain contact with relatives in Ukraine. Beneficiaries utilized the facility to access information regarding humanitarian aid, facilitate communication with the Embassy of Ukraine in Moldova, and take part in various online consultations, ensuring they remained informed and connected.",,CCR,,Unearmarked,Completed,,2022,,,,
CSI_2022_21,CSI,School television: Information and Education Hub,Transnistria,Tiraspol,str. Karl Marx 109,46.839465,29.618680,,,"This project established ""School television"" as a dynamic extracurricular course, transforming the educational environment into an active information space. Through this initiative, pupils learned to document and reflect on school events while producing valuable content for graduating students. The program empowered beneficiaries to create awareness-raising videos and informative segments, fostering both technical media skills and a stronger sense of community within the school.",,CCR,,Unearmarked,Completed,,2022,,,,
CSI_2023_01,CSI,Modern technologies for secular culture,Ialoveni,Razeni,"str. Grigore Bivol, 2",46.772073,28.899752,,,"This initiative established a space for cultural innovation within the Razeni community, specifically designed to engage children and youth. By integrating modern technologies into the ""Ion Inculet"" House of Culture, the project provided beneficiaries with new ways to explore and preserve secular traditions. The facility served as a creative hub where the community utilized digital tools to enhance local cultural life and foster innovation among the younger generation.",,CCR,3258.90,Unearmarked,Completed,,2023,,,,
CSI_2023_02,CSI,Quality Access to Education through High-Performance IT,Chisinau,Chisinau,St. Teilor 7,46.986400,28.850362,,,"This project focused on creating modern learning conditions by integrating advanced IT technologies into the classroom. Through the initiative, two interactive whiteboards were procured and installed to enhance the educational experience for all students, including refugees. These resources were utilized to facilitate Romanian language lessons, providing essential support for the linguistic integration of Ukrainian children attending high school and ensuring they had the tools necessary for academic success.",,CCR,3747.15,Unearmarked,Completed,,2023,,,,
CSI_2023_03,CSI,Sports Camps on Tourist Orienteering for Blind and Visually Impaired Persons,Chisinau,Straseni,,47.149055,28.617214,,,"This initiative created specialized opportunities for outdoor engagement, specifically tailored for blind and visually impaired individuals from both the refugee and host communities. By organizing sports camps focused on tourist orienteering, the project provided a safe and accessible environment for participants from Ukraine and Moldova to engage in physical activities. These camps fostered social inclusion and physical well-being, allowing beneficiaries to explore nature and build confidence through adapted navigational challenges and cross-community interaction.",,CCR,2464.28,Unearmarked,Completed,,2023,,,,assets/photos/CSI_2023_03/CSI_2023_3.png
CSI_2023_04,CSI,Development of Educational Processes through Computer Technologies,Chisinau,Chisinau,Str. Aeroportului,46.940963,28.924512,,,"This project created modern teaching conditions by integrating specialized IT and audio-visual equipment into the learning environment. The initiative provided an interactive whiteboard, a laptop, and a sound system with microphones to enhance children's daily activities. These tools were housed in a renovated space equipped with climate control and blinds to ensure a comfortable learning atmosphere year-round. Additionally, the kindergarten’s teaching and educational staff utilized the new equipment to organize and deliver specialized training sessions, fostering a more dynamic and technologically advanced curriculum for the students.",,CCR,5374.52,Unearmarked,Completed,,2023,,,,assets/photos/CSI_2023_04/CSI_2023_4.png
CSI_2023_05,CSI,"A New Chance, a New Road for the Socio-Educational Integration",Causeni,Causeni,Str. Stefan cel Mare,46.642123,29.411354,,,"This project facilitated the socio-educational integration of Ukrainian refugee preschoolers by focusing on their global development and emotional well-being. To create a supportive learning environment, the initiative procured essential resources, including specialized manuals, books, furniture, and office supplies. Additionally, the acquisition of a laminator allowed for the creation of durable, reusable educational materials, ensuring that children had access to high-quality tools designed to optimize their emotional state and academic growth during their transition.",,CCR,3228.20,Unearmarked,Completed,,2023,,,,
CSI_2023_06,CSI,Culture as a Tool for the Integration of Refugees,Chisinau,Chisinau,str. Constantin Varnav 30,46.993482,28.837673,,,"The project ""Mărțișor as a Gift to a Woman"" leveraged cultural heritage to facilitate the social integration of refugee women and children. By involving refugees in the organization of festivities and the sewing of traditional costumes, the initiative fostered a shared sense of community. Participants explored global customs while co-creating festive events, transforming the Mărțișor celebration into a platform for meaningful cultural exchange and belonging.",,CCR,5173.75,Unearmarked,Completed,,2023,,,,
CSI_2023_07,CSI,Playground at Centru Orasenesc al Tinerilor Naturalisti,Chisinau,Chisinau,Trajan blvd 3,46.983638,28.856140,,,"The project established a fully equipped outdoor playground at the Centru Orasenesc al Tinerilor Naturalisti (COTN) to support holistic early childhood development. By involving refugees in the creation of the space, the initiative built a strong sense of community and social cohesion. This dedicated area serves to lower children's stress levels and foster emotional well-being through safe, inclusive outdoor play.",,CCR,5328.19,Unearmarked,Completed,,2023,,,,
CSI_2023_08,CSI,Empowering Youth at Riscova Public Library,Criuleni,Riscova,,47.252803,28.849997,,,"The project modernized the Riscova Public Library by procuring laptops, printers, and new books to create a high-tech community hub. This initiative empowers young people through robotics classes, training programs, and masterclasses designed to build civic and communication skills. By integrating ICT tools into the renovated space, the library fosters a digitally literate and active youth community.",,CCR,3037.33,Unearmarked,Completed,,2023,,,,assets/photos/CSI_2023_08/CSI_2023_08_1.png|assets/photos/CSI_2023_08/CSI_2023_08_2.jpg
CSI_2023_09,CSI,Friendship without borders,Edinet,Rotunda,,48.242305,27.306642,,,"The ""Friendship Without Borders"" initiative supported the psychological well-being of refugee children by creating a supportive environment for healing and integration. The project organized educational trips to Saharna, Tipova, Orheiul Vechi, and the Zoo, alongside hands-on masterclasses in making clay tools. These activities reduced stress and fostered resilience by connecting children with local culture and creative expression.",,CCR,3269.43,Unearmarked,Completed,,2023,,,,
CSI_2023_10,CSI,Enhancing Technical Equipment for Sustainable Inclusion,Chisinau,Chisinau,Blvd Dacia,46.943100,28.926338,,,"This project upgraded an event hall to meet quality standards for the integration of refugee students, families and host community. By procuring a large screen and new furniture, the initiative created a professional space for theater, dance, choir, and training sessions. These technical improvements ensure a high-quality environment for mass activities designed to foster long-term community inclusion.",,CCR,2703.63,Unearmarked,Completed,,2023,,,,
CSI_2023_11,CSI,Strenghening the Dandelion Summer Camp,Causeni,Causeni,Str. Pacii,46.637549,29.404940,,,"The ""Raza Încrederii"" organization implemented a two-month summer day camp designed to foster social integration through inclusive programming. By hosting joint activities for refugee children, local youth in difficulty, and children with special educational needs, the project successfully dismantled social barriers. This initiative strengthened community cohesion and built mutual trust among diverse groups within a supportive and engaging environment.",,CCR,4895.50,Unearmarked,Completed,,2023,,,,
CSI_2023_12,CSI,The Friendship Camp,Orhei,Orhei,"str. Dorobanti, 79",47.387842,28.830360,,,"The Friendship Camp established a nurturing environment for over 100 participants, bringing together up to 50 Ukrainian refugee children and their peers from the host community. By providing essential sports equipment, audio systems, and daily meals, the project facilitated a seamless summer camp experience. These resources supported collaborative activities designed to build lasting bonds and promote social integration through play, teamwork, and shared experiences.",,CCR,3463.67,Unearmarked,Completed,,2023,,,,
CSI_2023_13,CSI,Sensory room for psycho-emotional relaxation and social adaptation,Falesti,Falesti,Stefan cel Mare 38,47.578331,27.708430,,,"This initiative established a specialized sensory room to support the psycho-emotional relaxation and social adaptation of children with disabilities, including those from the refugee community. As the only specialized center of its kind in northern Moldova, it addresses a critical gap in state rehabilitation services by providing targeted support for children with autism and others in need of psychological relief. By utilizing specialized equipment, the center offers a dedicated space for rehabilitation, fostering mental well-being and smoother integration for vulnerable groups.",,CCR,3986.33,Unearmarked,Completed,,2023,,,,
CSI_2023_14,CSI,International Festival Plai Natal,Chisinau,Chisinau,str. Constantin Varnav 30,46.993482,28.837673,,,"The International Festival ""Plai Natal"" served as a vital platform for the social integration of refugees of diverse nationalities through the lens of intercultural dialogue. By celebrating shared heritage and unique traditions, the festival fostered mutual understanding between displaced populations and the host community. This cultural exchange created a space where diversity was embraced, helping refugees build social connections and a sense of belonging through the universal language of art and tradition.",,CCR,5173.75,Unearmarked,Completed,,2023,,,,assets/photos/CSI_2023_14/CSI_2023_14.png
CSI_2023_15,CSI,The Association of Good: Integrative excursions,Transnistria,Bender,str. Odesei 73,46.836980,29.464294,,,"The Association for Good supported the psychological well-being of refugee children by creating a comfortable environment for healing. The project organized educational trips to the Zoo, Saharna, Tipova, and Orheiul Vechi, alongside creative masterclasses in making clay tools. These activities reduced stress and fostered a sense of stability by connecting children with local culture and hands-on expression.",,CCR,4656.84,Unearmarked,Completed,,2023,,,,assets/photos/CSI_2023_15/CSI_2023_15.png
CSI_2023_16,CSI,Enhancing Information Access for Roma Communities,Chisinau,Chisinau,str. Nicolae Iorga 8,47.021183,28.821854,,,"This project focused on supporting Roma refugee communities from Ukraine and their host counterparts in Moldova by improving access to legal rights and information. A key achievement was the translation of the Guide for Roma Mediators, providing essential tools to facilitate better communication and support. Additionally, the initiative upgraded the technical equipment of community event halls, ensuring a higher quality for mass activities designed to promote the social and educational inclusion of Roma refugee families.",,CCR,5469.25,Unearmarked,Completed,,2023,,,,
CSI_2023_17,CSI,9th International Festival Taurul de aur,Chisinau,Chisinau,str. Alexandru Lapusneanu 2A,47.031440,28.817690,,,"The IX International Festival ""Taurul de Aur"" hosted a Sports Festival for people with disabilities, featuring field and aquatic activities. The project provided essential equipment, professional direction, and photo-video services, while fostering a sense of belonging through personalized t-shirts and prizes for winners. These efforts ensured an inclusive, high-quality event that celebrated athletic achievement and community spirit.",,CCR,4669.70,Unearmarked,Completed,,2023,,,,
CSI_2023_18,CSI,Integrating Refugee Youth Through Sport and Culture,Chisinau,Chisinau,str. Alexei Sciusev 106A,47.026869,28.819232,,,"The project fostered the social integration of Ukrainian refugee children into Moldova's multinational and multiconfessional society through structured entertainment and sports. A key highlight was the organization of a Sport festival, which featured a variety of field games and aquatic activities. By procuring essential sports equipment and awarding prizes to winners, the initiative ensured a professional and engaging experience that built confidence and promoted social cohesion among diverse youth groups.",,CCR,5017.37,Unearmarked,Completed,,2023,,,,
CSI_2023_19,CSI,Interconnected through non-formal education and art,Anenii-Noi,Anenii-Noi,str. Chisinau,46.883195,29.225778,,,"This project enhanced community engagement by procuring specialized sound equipment for both indoor and outdoor activities. Stationary systems were installed in the event hall to support dance clubs, school theater, and choir rehearsals, while mobile units enabled professional sound for outdoor football and volleyball championships. This versatile equipment also provided the necessary technical support for sports festivals and traditional ceremonies, such as the First and Last Bell, fostering a vibrant environment for non-formal education and creative expression.",,CCR,4927.44,Unearmarked,Completed,,2023,,,,assets/photos/CSI_2023_19/CSI_2023_19.png
CSI_2023_20,CSI,School Stadium Renovation,Orhei,Orhei,Str. Vasile Mahu 148,47.374380,28.825099,,,"The project focused on the complete rehabilitation of the school stadium and the procurement of modern sports equipment. This revitalized space served as a hub for physical education lessons, championships, and various sports festivals. By improving the infrastructure, the initiative provided a high-quality environment for competitive events and daily athletic activities, promoting healthy lifestyles and community engagement through sport.",,CCR,5370.16,Unearmarked,Completed,,2023,,,,
CSI_2023_21,CSI,Sensory room,Donduseni,Donduseni,str. Mihai Eminescu 26/1,48.240906,27.618578,,,"A dedicated sensory room was established within the Social Assistance Service of Donduseni to support children with disabilities. This specialized facility allows children to undergo essential treatment and rehabilitation in a controlled, therapeutic environment. Following the professional recommendations of doctors and specialists, the room provides the sensory stimulation and psychological relief necessary for the developmental progress and well-being of the children in the district.",,CCR,5734.05,Unearmarked,Completed,,2023,,,,
CSI_2023_22,CSI,Social Hairdressing Salon in Soroca,Ocnita,Otaci,Stefan Cel Mare 121/1,48.450378,27.759239,,,"The project established a social hairdressing salon in Soroca by procuring professional furniture and specialized equipment. This facility was designed to serve both local residents and the Roma refugee community, providing accessible grooming services in a welcoming environment. By creating this space, the initiative supported the social inclusion of the Roma population and improved the quality of life for vulnerable groups through essential community services.",,CCR,5393.56,Unearmarked,Completed,,2023,,,,
CSI_2023_23,CSI,Personal and community development through learning new skills,Orhei,Orhei,,47.388961,28.824871,,,"The project facilitated personal and community development by procuring equipment to support distance learning for refugees and remote students in Orhei. Alongside technical support, the initiative provided Romanian language lessons and professional psychological consultations. These activities empowered participants with the essential skills and emotional support needed for successful integration and professional growth.",,CCR,5183.67,Unearmarked,Completed,,2023,,,,
CSI_2023_24,CSI,Equipment the Day Centre for elderly people and refugees,Chisinau,Budesti,,47.062732,29.000770,,,"The project enhanced the Day Center for the Elderly and Refugees by procuring specialized materials for handicrafts. This initiative created a vibrant social hub where local seniors and Ukrainian refugees gathered to learn new skills and create handmade art. By spending time together, participants built a supportive community, while their finished works were showcased at regional competitions, exhibitions, and socio-cultural events to celebrate their talent and integration.",,CCR,5717.35,Unearmarked,Completed,,2023,,,,
CSI_2023_25,CSI,I Deserve to Be Appreciated,Ialoveni,Hansca,,46.832016,28.748699,,,"The project ""I Deserve to Be Appreciated"" organized a celebratory event for children with severe disabilities who reside in the center after being separated from their families. To improve their daily quality of life and care, the initiative procured essential kitchen equipment and supplies. These resources ensured that the children received better nutritional support and a more comfortable living environment, while the event itself provided a vital sense of joy and community recognition.",,CCR,1191.39,Unearmarked,Completed,,2023,,,,
CSI_2023_26,CSI,Empowering Seniors Through Digital Literacy,Ungheni,Negurenii Vechi,,47.411181,27.880200,,,"The project addressed the modern necessity of digital literacy by procuring laptops for elderly village residents. These devices allowed seniors to register for social aid and maintain vital communication with family members living abroad. To ensure the project's success, the local municipality collaborated with school volunteers and social assistants to organize computer training courses, bridging the generational gap and providing seniors with essential tools for independence in a digital world.",,CCR,2517.63,Unearmarked,Completed,,2023,,,,
CSI_2023_27,CSI,"Today They Are, Tomorrow We Are",Soroca district,Schineni,,48.095049,28.094224,,,"At the request of the National Agency for Employment and Social Assistance, this project integrated seniors into community life by equipping a dedicated hub for masterclasses and computer training. By forming a senior initiative group, the project fostered social inclusion and active participation in national-level activities, ensuring elderly citizens remain digitally connected and socially valued.",,CCR,5121.87,Unearmarked,Completed,,2023,,,,
CSI_2023_28,CSI,Empowering Community Cohesion: Multi-functional Hub,Rezina,Rezina,Str. 27 August 1989 1,47.748727,28.965626,,,"The project supported the ""Grandmother’s and Grandfather’s House"" Center by providing essential equipment and assistance to create a vibrant multi-functional space. Serving both local seniors (average age 65+) and Ukrainian refugees, the hub hosts a variety of socio-cultural events, educational workshops, and hands-on masterclasses. This initiative fosters social cohesion and mutual support, offering a dignified environment for lifelong learning and cross-cultural connection in Rezina.",,CCR,3828.44,Unearmarked,Completed,,2023,,,,
CSI_2023_29,CSI,Culture: Motivating a Beautiful Old Age,Edinet,Hincauti,,48.274971,27.312804,,,"This initiative established a national ensemble for the elderly, promoting active aging through cultural expression. The project procured authentic national costumes for all seniors in the commune, enabling them to represent their heritage at national festivals. These activities provided participants with a sense of purpose and vital social connections, celebrating traditional arts as a means to maintain vitality.",,CCR,5609.34,Unearmarked,Completed,,2023,,,,
CSI_2023_30,CSI,We're Bringing Europe Home,Criuleni,Magdacesti,Str. Mihai Eminescu 14,47.144212,28.827568,,,"The project improved local infrastructure by procuring and installing park benches specifically for the elderly and persons with disabilities. Strategically placed near the Town Hall, post office, and social assistance services, these benches provide essential rest points along main access routes and park paths. Launched in tandem with Elderly People’s Day, the initiative promotes mobility, independence, and a more inclusive environment for the village's most vulnerable residents.",,CCR,5694.70,Unearmarked,Completed,,2023,,,,
CSI_2023_31,CSI,Creative Programs for Vulnerable Communities in Transnistrian region,Transnistria,Tiraspol,str. 25 Octombrie,46.623871,29.909336,,,"This project provided creative and material support to socially vulnerable children and adults. By procuring supplies for training, masterclasses, and handmade activities, the initiative fostered skill development and artistic expression. To address immediate needs, the program also distributed food packages and sweets, combining social welfare with educational opportunities to improve the well-being of the community.",,CCR,4779.38,Unearmarked,Completed,,2023,,,,
CSI_2023_32,CSI,Manej Sport Arena: Martial Arts Training Center,Chisinau,Chisinau,str. Andrei Doga 26,47.033527,28.855934,,,"The project established a dedicated martial arts zone within Chisinau’s Manej Sport Arena, featuring tatami mats to ensure child safety and an air conditioning system for a professional training climate. This specialized space supports national champions and athletes of Ukrainian origin, fostering a healthy lifestyle through high-level training and competitive sports in a secure, modern environment.",,CCR,5436.80,Unearmarked,Completed,,2023,,,,
CSI_2024_01,CSI,Cooking Course for Children and Adults,Chisinau,Chisinau,,47.009478,28.850648,,,"Initiated by a Ukrainian refugee, this project delivered 15 masterclasses for both children and adults. In groups of 10, participants learned the basics of healthy cooking and explored national cuisines by preparing traditional dishes while discovering their historical origins. The initiative successfully blended practical skill-building with cultural exchange, fostering community connection through the shared experience of food.",,CCR,4841.56,Unearmarked,Completed,,2024,,,,assets/photos/CSI_2024_01/CSI_2024_01.png
CSI_2024_02,CSI,Football Unites Our Hearts,Gagauzia,Ceadir-Lunga,str. Turghenev 17,46.065479,28.833889,,,"Dedicated to World Refugee Day, this project launched the Women's Football Festival and a girls’ championship in Comrat. To ensure long-term sustainability, the initiative provided essential sports equipment, enabling the program to expand. Following the success of the girls' team, a boys' team has now been formed, fostering community integration, health, and gender equality through sport.",,CCR,5087.48,Unearmarked,Completed,,2024,,,,assets/photos/CSI_2024_02/CSI_2024_02_1.jpeg|assets/photos/CSI_2024_02/CSI_2024_02_2.jpeg
CSI_2024_03,CSI,Support centre for Roma on the left bank,Transnistria,Bender,str. Engelsa 13,46.846564,29.480793,,,"The project established a dedicated office for Roma social mediators in Bender, Transnistria. Key achievements included: • Infrastructure Setup: Procured essential furniture and computer equipment to create a functional workspace. • Operational Support: Provided the tools necessary for mediators to effectively manage social assistance and community outreach. • Community Integration: Created a stable hub to support the Roma population and facilitate better access to local services.",,CCR,3840.08,Unearmarked,Completed,,2024,,,,
CSI_2024_04,CSI,A Series of Masterclasses for Children from Ukraine,Chisinau,Chisinau,str. Nicolae Dimo 1,47.038694,28.858967,,,"This project supported a daily center providing creative workshops and specialized services for refugee children and children with disabilities. Key accomplishments included: • Creative Masterclasses: Procured textiles, beads, and office supplies for activities such as sculpting plaster magnets, knitting dream catchers, and plasticine crafting. • Integrated Support: Provided essential psychological and speech therapy services alongside artistic activities. • Community Engagement: Organized weekend training sessions and courses for local children, fostering social integration between the refugee and local communities.",,CCR,2821.10,Unearmarked,Completed,,2024,,,,
CSI_2024_05,CSI,Social Adaptation through Music,Rezina,Rezina,str. 27 August 1989 1,47.748659,28.965755,,,"This project integrated Ukrainian refugee children and youth from vulnerable families through extracurricular choral activities. By procuring national costumes, the initiative ensured the group's professional representation and enabled their participation in national and international competitions. These activities served as a vital platform for social adaptation, building confidence and fostering deep community bonds through shared musical heritage.",,CCR,5241.46,Unearmarked,Completed,,2024,,,,
CSI_2024_06,CSI,Bridging Generations,Soldanesti,Cobilea,,47.863024,28.668822,,,"This project fostered solidarity between refugees, seniors, and local youth by establishing a dedicated creative space within the House of Culture. The initiative equipped a specialized hall for sewing, bead embroidery, and drawing, providing a venue for inclusive masterclasses. By bringing these diverse groups together through traditional and modern arts, the project created a supportive environment for skill-sharing, social integration, and mutual cultural enrichment.",,CCR,3984.15,Unearmarked,Completed,,2024,,,,
CSI_2024_07,CSI,National Costume: Unity and Variety,Ștefan Vodă,Răscăieți,,46.577168,29.779139,,,"The project addressed the lack of traditional attire at the local gymnasium by procuring a set of authentic national costumes. These garments were provided to the school's choir and dance ensemble, enabling students to represent their heritage with pride. By equipping these groups, the initiative ensured their successful participation in official ceremonies as well as national and international competitions, celebrating cultural unity and variety.",,CCR,5813.78,Unearmarked,Completed,,2024,,,,
CSI_2024_08,CSI,Ecoboom: Healthy Snack Production Workshops,Chisinau,Chisinau,str. Vasile Alecsandri 64,47.018519,28.835094,,,"This social project promoted healthy lifestyles and nutrition through a series of specialized culinary masterclasses on different locations (Chișinău, Rezina and Rîbnița). Participants were trained in the preparation of eco-friendly snacks, including fruit pastilles, fruit crisps, sugar-free lollipops, and handmade chocolate. By focusing on the use of natural ingredients and sustainable production methods, the project empowered the community with the skills to create healthy, eco-conscious alternatives to traditional sweets.",,CCR,1801.97,Unearmarked,Completed,,2024,,,,assets/photos/CSI_2024_08/CSI_2024_08.png
CSI_2024_09,CSI,Ecoboom: Healthy Snack Production Workshops,Rezina,Rezina,,47.748086,28.958672,,,"This social project promoted healthy lifestyles and nutrition through a series of specialized culinary masterclasses on different locations (Chișinău, Rezina and Rîbnița). Participants were trained in the preparation of eco-friendly snacks, including fruit pastilles, fruit crisps, sugar-free lollipops, and handmade chocolate. By focusing on the use of natural ingredients and sustainable production methods, the project empowered the community with the skills to create healthy, eco-conscious alternatives to traditional sweets.",,CCR,1858.91,Unearmarked,Completed,,2024,,,,assets/photos/CSI_2024_09/CSI_2024_09.png
CSI_2024_10,CSI,Ecoboom: Healthy Snack Production Workshops,Transnistria,Ribnita,"str. Versigora, 18",47.766847,29.020075,,,"This social project promoted healthy lifestyles and nutrition through a series of specialized culinary masterclasses on different locations (Chișinău, Rezina and Rîbnița). Participants were trained in the preparation of eco-friendly snacks, including fruit pastilles, fruit crisps, sugar-free lollipops, and handmade chocolate. By focusing on the use of natural ingredients and sustainable production methods, the project empowered the community with the skills to create healthy, eco-conscious alternatives to traditional sweets.",,CCR,1915.86,Unearmarked,Completed,,2024,,,,assets/photos/CSI_2024_10/CSI_2024_10.png
CSI_2024_11,CSI,Summer Tavern: Inclusive Youth Engagement,Chisinau,Chisinau,str. Vasile Alecsandri 64,47.018519,28.835094,,,"The project organized and delivered a diverse program of educational and entertainment activities within a specialized summer camp. Designed specifically for children from Ukrainian refugee families and other international backgrounds, the initiative provided a safe and stimulating environment for social integration. Through structured play and learning, the camp fostered new friendships and helped children build resilience during their summer break.",,CCR,5733.41,Unearmarked,Completed,,2024,,,,
CSI_2024_12,CSI,Masterclasses on Sewing Toys,Chisinau,Chisinau,str. Vasile Alecsandri 64,47.018519,28.835094,,,"This project delivered a series of art therapy masterclasses for refugee children, focusing on the creation of handmade textile toys, soap, and decorative accessories. Through imagination and perseverance, participants developed new artistic skills while benefiting from the therapeutic nature of manual work. The finished crafts were given to the children or showcased at a pre-Christmas Charity Bazaar, celebrating their hard work and fostering a sense of community contribution.",,CCR,5419.10,Unearmarked,Completed,,2024,,,,assets/photos/CSI_2024_12/CSI_2024_12.png
CSI_2024_13,CSI,Rays of Kindness: Day Center Support,Chisinau,Chisinau,,47.009478,28.850648,,,"This project supported the operation of a specialized Day Center for refugee children by providing the necessary resources for a holistic care environment. The initiative included the procurement of creative materials for masterclasses, the installation of an outdoor playground, and the development of informational and educational resources. These improvements ensured a functional, safe, and engaging space where children could learn, play, and receive essential social support.",,CCR,4198.86,Unearmarked,Completed,,2024,,,,
CSI_2024_14,CSI,Kickboxing School: Empowering Refugee Athletes,Falesti,Falesti,str. Stefan cel Mare si Sfant 6,47.584162,27.709991,,,"This project supported Ukrainian youth by procuring professional sports equipment for kickboxing training led by a fellow Ukrainian coach. By providing high-quality gear, the initiative ensured the maintenance and development of the athletes' skills in a supportive environment. These resources were vital in preparing the students for participation in national and international training camps, offering them a path to athletic excellence and social integration through competitive sport.",,CCR,4840.55,Unearmarked,Completed,,2024,,,,assets/photos/CSI_2024_14/CSI_2024_14_ 2.png|assets/photos/CSI_2024_14/CSI_2024_14_1.png
CSI_2024_15,CSI,Active Aging: Digital Literacy and Heritage,Soroca,Badiceni,,48.200626,28.049666,,,"Implemented at the request of the National Agency for Employment and Social Assistance, this project equipped a dedicated community space for seniors. The initiative provided computerized technology to host digital literacy courses and creative masterclasses, empowering the elderly to stay connected in a modern world. Additionally, the project supported local tradition by procuring national costumes for the entire village, ensuring that cultural heritage is preserved and celebrated during community events.",,CCR,5004.98,Unearmarked,Completed,,2024,,,,
CSI_2024_16,CSI,Еquipping the Classrooms of Theoretical Lyceum,Chisinau,Chisinau,str. Putnei 93,47.057475,28.844106,,,This project supported the newly renovated Building B of the M. Lomonosov Theoretical Lyceum by equipping it with essential educational infrastructure. Eleven classroom blackboards were procured and installed specifically for first-grade classes where Ukrainian language instruction was introduced. This initiative ensured that young students and teachers had the necessary tools for an effective and welcoming learning environment from their very first day of school.,,CCR,4314.29,Unearmarked,Completed,,2024,,,,
CSI_2024_17,CSI,Life Without Borders: Accessible Sport,Falesti,Falesti,,47.574607,27.707277,,,"This project enhanced the capabilities of the Specialized Center for Children with Disabilities through the acquisition of specialized rehabilitation equipment. The initiative supported tailored recovery programs for children healing from accidents, as well as those living with disabilities and autism. By providing these professional tools, the center was able to deliver diverse stages of physical rehabilitation, ensuring that every child had the opportunity to improve their mobility and overall well-being in an accessible environment.",,CCR,2964.36,Unearmarked,Completed,,2024,,,,
CSI_2024_18,CSI,Improving the Educational Environment,Chisinau,Chisinau,str. Aeroportului,46.940956,28.924535,,,"This project modernized the gymnasium’s event hall to create a comfortable and multifunctional space for extracurricular activities. By installing blinds and an air conditioning unit, the hall was transformed into an optimal environment for children’s leisure and performance. Furthermore, the procurement of a laptop, speaker, and microphones provided the music department with the essential technology needed to conduct high-quality musical and socio-cultural activities on a daily basis.",,CCR,3964.34,Unearmarked,Completed,,2024,,,,
CSI_2024_19,CSI,3D Creative Workshop for Children,Transnistria,Bender,str. Kalinina 36,46.826257,29.480884,,,"This project provided refugee children from the Transnistrian region with access to cutting-edge technology at the local Day Center. By organizing masterclasses and courses using modern 3D equipment, the initiative offered participants an impressive and engaging learning experience. These activities allowed children to explore contemporary creative tools, fostering technical skill development and social integration through hands-on innovation.",,CCR,5531.63,Unearmarked,Completed,,2024,,,,assets/photos/CSI_2024_19/CSI_2024_19_1.png|assets/photos/CSI_2024_19/CSI_2024_19_2.png
CSI_2024_20,CSI,Strength and Safety: Partnership in Athletics,Chisinau,Chisinau,str. Andrei Doga 26,47.033425,28.855941,,,"This project established a high-quality training environment for local and Ukrainian children and adults pursuing wrestling and weight athletics. By procuring professional tatami mats and specialized equipment, the initiative ensured safe, durable, and effective training conditions that prioritize injury prevention. The addition of a climate-controlled space with air conditioning further optimized the facility, allowing athletes to train at peak performance year-round.",,CCR,3503.42,Unearmarked,Completed,,2024,,,,
CSI_2024_21,CSI,Taekwondo for Health and Cohesion,Chisinau,Chisinau,str. Socoleni 19/1,47.060546,28.839688,,,"This project promoted physical well-being and social inclusion by establishing professional training conditions for local and Ukrainian participants. Through the procurement of high-quality tatami mats and specialized sports equipment, the initiative created a safe and durable environment for practitioners of all ages. These resources ensure that Taekwondo sessions serve as a reliable platform for building discipline, balance, and community bonds between refugee and local populations.",,CCR,4679.52,Unearmarked,Completed,,2024,,,,assets/photos/CSI_2024_21/CSI_2024_21_1.png|assets/photos/CSI_2024_21/CSI_2024_21_2.png
CSI_2024_22,CSI,Speech Therapy Center,Chisinau,Chisinau,str. Pandurilor 50,46.997754,28.866993,,,"This project established a specialized and accommodating space designed to support children with various mental and physical disabilities. By procuring professional speech therapy equipment and diagnostic tools, the center provides essential developmental services in a high-quality clinical setting. Additionally, the initiative created a welcoming environment for caregivers, ensuring a holistic support system that addresses the needs of both the children and their families.",,CCR,3524.35,Unearmarked,Completed,,2024,,,,
CSI_2024_23,CSI,Empowering Cultural Dialogue: The House of Nationalities,Chisinau,Chisinau,str. A. Mateevici 109/1,47.021684,28.818197,,,"This project enhanced the operational capacity of the House of Nationalities, positioning it as a modern information and cultural hub for the ethnocultural organizations of the Republic of Moldova. By equipping the Agency for Interethnic Relations with an interactive whiteboard, the initiative modernized the way meetings, training sessions, and cultural activities are conducted. This technological upgrade facilitates more dynamic collaboration and effective communication among national minorities, strengthening the center's role in promoting interethnic harmony.",,CCR,4049.73,Unearmarked,Completed,,2024,,,,
CSI_2024_24,CSI,HOPE 4,Chisinau,Chisinau,str. Uzinelor 60,47.004380,28.887652,,,"This project promoted physical well-being and social inclusion by establishing professional training conditions for local and Ukrainian participants. Through the procurement of high-quality tatami mats and specialized sports equipment, the initiative created a safe and durable environment for practitioners of all ages. These resources ensure that Taekwondo sessions serve as a reliable platform for building discipline, balance, and community bonds between refugee and local populations.",,CCR,5691.06,Unearmarked,Completed,,2024,,,,
CSI_2024_25,CSI,Unity and Resilience: Supporting the Burebista Day Center,Cimislia,Selemet,,46.580209,28.923445,,,"This project strengthened the social fabric of the community by enhancing the resources available at the local Day Center. By providing a wide range of teaching, training, and recreational materials, the initiative created a robust environment for masterclasses and educational activities. These resources support the daily integration of 28 Ukrainian refugee children and 20 local children from vulnerable families, fostering a sense of unity and shared resilience through collaborative learning and play.",,CCR,4611.05,Unearmarked,Completed,,2024,,,,assets/photos/CSI_2024_25/CSI_2024_25.png
CSI_2025_01,CSI,Renovation of The Temporary Accommodation Center for Asylum Seekers of IGM,Chisinau,Chisinau,"Dacia Boulevard, 60/4",46.941266,28.922087,,,"This project focused on the complete renovation of the central meeting room within the Temporary Accommodation Center for asylum seekers. By upgrading this multifunctional space, the initiative created a professional and welcoming environment for educational training, social activities, and essential legal consultations. In addition to serving the beneficiaries, the modern facility provides a high-standard venue for General Inspectorate for Migration (IGM) staff, official delegations, and international visitors, enhancing the overall operational capacity and hospitality of the center.",,CCR,1793.59,Unearmarked,Completed,,2025,,,,
CSI_2025_02,CSI,Masterclasses on Art and Handmade Crafting,Chisinau,Chisinau,31 August 1989 Str. 151,47.029493,28.819112,,,"This project provides refugee children with a therapeutic creative outlet through specialized masterclasses in sewing textile toys, soap making, and crafting decorative lights. Designed as an art therapy initiative, it fosters imagination and perseverance while helping children build new skills. Participants keep their handmade creations or showcase them at a pre-Christmas Charity Bazaar, promoting a sense of accomplishment and community connection.",,CCR,4445.30,Unearmarked,Completed,,2025,,,,assets/photos/CSI_2025_02/CSI_2025_02_1.jpg|assets/photos/CSI_2025_02/CSI_2025_02_2.jpg
CSI_2025_03,CSI,Sweet Integration: Chocolate and Confectionery Academy,Chisinau,Chisinau,31 August 1989 Str. 151,47.029493,28.819112,,,"This project empowers Ukrainian refugee women and local enthusiasts through specialized training in the art of professional confectionery. By hosting hands-on masterclasses and technical workshops, the Academy provides participants with the skills needed to create high-quality chocolate products. This initiative serves as a creative platform for social integration and vocational development, offering a path toward economic independence and professional craftsmanship.",,CCR,4851.46,Unearmarked,Completed,,2025,,,,assets/photos/CSI_2025_03/CSI_2025_03.png
CSI_2025_04,CSI,Inclusion through sports activities in the village of Mereni,Anenii Noi,Mereni,,46.963463,29.056666,,,"This project promoted community cohesion by organizing the 2025 Sports Season opening, known as the Sports Spartakiad. The initiative provided village-branded uniforms for the local volleyball, football, and tennis teams, alongside essential sound equipment for the event. By offering professional prizes for competition winners, the project celebrated athletic achievement and fostered a strong sense of local identity and social inclusion for all participants.",,CCR,3629.30,Unearmarked,Completed,,2025,,,,
CSI_2025_05,CSI,Techno-Start: Learning Through Experimentation,Transnistria,Bender,Kalinina 23,46.824197,29.480641,,,"This project provides refugee children from the Transnistrian region with an engaging introduction to science and technology through hands-on experimentation. By utilizing advanced construction kits and interactive masterclasses, the initiative transforms leisure time into a meaningful educational experience. These activities foster critical thinking and technical skills, offering a supportive environment where children can explore engineering and robotics while integrating into their local community.",,CCR,2670.97,Unearmarked,Completed,,2025,,,,
CSI_2025_06,CSI,From Books to Infinity: Library Development,Ungheni,Ungheni,str. Mihai Eminescu 36,47.213099,27.805634,,,"This project upgraded the library’s resources to support more activities for children. It involved purchasing equipment for showing presentations and materials, along with a new collection of books for various age groups. These resources give children the opportunity to read Romanian classical literature and participate in organized educational sessions within a better-equipped space.",,CCR,2641.00,Unearmarked,Completed,,2025,,,,
CSI_2025_07,CSI,CALM: Digital Cooperation and Governance,Chisinau,Chisinau,Str. Columna 106,47.027278,28.835642,,,"This project involved the procurement of an interactive whiteboard to facilitate meetings and training sessions for the Congress of Local Authorities from Moldova (CALM). This equipment supports round tables and discussions for over 792 mayors from across the country, as well as international partners from Romania, Ukraine, and other regions. The addition of this technology allows for more efficient communication and collaborative planning among local public authorities and their international counterparts.",,CCR,3832.46,Unearmarked,Completed,,2025,,,,
CSI_2025_08,CSI,Spring of Solidarity: Tradition and Inclusion,Cimislia,Selemet,,46.578097,28.926577,,,This project organized a Spring Festival to bring together children from Moldova and Ukraine in a celebration of shared traditions. It involved the procurement of materials for workshops where children at the Burebista Day Center created handmade items. These activities focused on fostering community inclusion and social bonding through art and collaborative learning.,,CCR,4222.74,Unearmarked,Completed,,2025,,,,
CSI_2025_09,CSI,National Costume: Traditions and Diversity,Edinet,Edinet,str. Independentei 65,48.170782,27.305472,,,"This project focused on the procurement of traditional national costumes for the dance group at the Edineț Children's Creativity Center. The initiative supports a diverse ensemble that includes both local and Ukrainian refugee children, allowing them to perform together. By providing these costumes, the project helps preserve cultural heritage while promoting social integration and artistic expression through dance.",,CCR,4897.49,Unearmarked,Completed,,2025,,,,
CSI_2025_10,CSI,Playground at Municipal Clinical Hospital of Pulmonology,Chisinau,Chisinau,str. Grenoble 147,46.988386,28.831139,,,"This project provided a co-financing contribution for the construction of an outdoor playground at the Tuberculosis Center. The facility is designed for both local and refugee children who are undergoing long-term medical treatment, often lasting between one month and a full year. By providing a dedicated space for outdoor play, the project aims to improve the well-being and daily environment of young patients during their recovery.",,CCR,4897.49,Unearmarked,Completed,,2025,,,,
CSI_2025_11,CSI,Republican Puppet Theatre “Licurici”: Enhancing the Performance Hall,Chisinau,Chisinau,"str. 31 August 1989, 121",47.022322,28.828980,,,"This project focused on renovating the main performance hall at the ""Licurici"" Puppet Theatre in Chisinau. The upgrades included installing new flooring, stage curtains, and seat upholstery to create a more comfortable environment for audiences. With a capacity to host 300 children per show, the hall serves as a venue for theatrical performances and various educational activities. As part of this initiative, refugee children are provided with free access to performances, ensuring they have opportunities for cultural engagement and entertainment.",,CCR,3507.75,Unearmarked,Completed,,2025,,,,assets/photos/CSI_2025_11/CSI_2025_11_1.jpg|assets/photos/CSI_2025_11/CSI_2025_11_2.jpg|assets/photos/CSI_2025_11/CSI_2025_11_3.jpg
CSI_2025_12,CSI,Оlympic games,Chisinau,Chisinau,str. Pușkin street 41,47.028507,28.840327,,,"This project organizes Olympic lessons featuring Moldovan Olympians and high-performance athletes to promote a healthy lifestyle and social inclusion. These sessions involve various sports activities and competitions. The project also included the procurement of sports equipment, which is used to award winners of the Spartakiads and other competitions held during these educational sessions.",,CCR,4381.37,Unearmarked,Completed,,2025,,,,assets/photos/CSI_2025_12/CSI_2025_12_1.jpg|assets/photos/CSI_2025_12/CSI_2025_12_2.jpg
CSI_2025_13,CSI,Rybnitsa Kindergarten No. 8: Improving Educational Spaces,Transnistria,Ribnita,str. Kirov 137,47.764418,29.005136,,,"This project focused on upgrading Rybnitsa Kindergarten No. 8, which serves both local children of Ukrainian origin and refugee children. The initiative included the procurement of essential furniture, such as sleeping beds, small tables, and chairs, to create a comfortable environment for the children. Additionally, IT equipment was provided to support training, socio-cultural activities, and the preparation of modern teaching materials for staff and students.",,CCR,4852.96,Unearmarked,Completed,,2025,,,,assets/photos/CSI_2025_13/CSI_2025_13_1.jpg|assets/photos/CSI_2025_13/CSI_2025_13_2.jpg|assets/photos/CSI_2025_13/CSI_2025_13_3.jpg
CSI_2025_14,CSI,Equipping the Computer Lab,Transnistria,Ribnita,str. Dmitrov 6,47.761130,29.014272,,,"This project focused on the complete setup of a modern computer classroom for local and refugee students, as well as children of Ukrainian origin attending the Ukrainian school. The initiative provided the school with high-performance computers and specialized furniture designed for an IT learning environment. By equipping this lab, the project ensures students have access to the necessary technology and infrastructure for their computer science lessons and digital skill development.",,CCR,5986.79,Unearmarked,Completed,,2025,,,,
CSI_2025_15,CSI,Outdoor Libraries for Community Inclusion,Chisinau,Budesti,,47.064818,29.004543,,,"This project involved the procurement and installation of two outdoor library cabinets in a public park in Budești. Accessible to the entire community, these libraries provide a space for local children, elderly residents, and refugees to engage with books in an open-air setting. The cabinets have created a new focal point for the commune, serving as a hub for various socio-cultural activities and educational gatherings for students and families.",,CCR,2294.99,Unearmarked,Completed,,2025,,,,assets/photos/CSI_2025_15/CSI_2025_15_1.jpg|assets/photos/CSI_2025_15/CSI_2025_15_2.jpg
CSI_2025_16,CSI,Solidarity with Refugees and Local Population,Ocnita,Ocnita,str. 50 Ani Biruintei,48.411066,27.475214,,,"This project supports a refugee initiative group operating within the Cultural Center in Ocnița. The initiative provided necessary equipment, furniture, and supplies to improve the center's facilities. These resources are used to host various activities involving both local and refugee children from the northern region, fostering social integration and community support.",,CCR,4739.67,Unearmarked,Completed,,2025,,,,
CSI_2025_17,CSI,Lesya Ukrainka Library: Multifunctional Educational Space,Chisinau,Chisinau,Str. Columna 171,47.036415,28.820862,,,"This project modernized the Lesya Ukrainka Library by providing essential material and technical equipment. The library serves a diverse group of children, including local residents and refugees, who use the space for writing dictations, attending masterclasses, and learning computer skills. By upgrading the facility's equipment, the project established a functional environment for training sessions and educational programs.",,CCR,1982.02,Unearmarked,Completed,,2025,,,,
CSI_2025_18,CSI,Digital Solidarity: Modernizing the Basarabeasca Computer Room,Basarabeasca,Basarabeasca,"Str. Karl Marx, 57",46.333105,28.962457,,,"This project focused on upgrading the computer room at the Basarabeasca Cultural Center through the procurement of new IT equipment. The modernized space is used by both local and refugee children for various activities, including training in typing and presentation software. Additionally, the center provides a venue for children to engage in interactive games during their free time, supporting both educational development and recreational use.",,CCR,3092.26,Unearmarked,Completed,,2025,,,,
CSI_2025_19,CSI,Small Steps for Big Changes: Furniture Support for Kindergarten No. 16,Soroca,Soroca,,48.174716,28.318003,,,"This project provided essential equipment to Kindergarten No. 16 ""Izvoraș"" in Soroca to support the integration of refugee children. The procurement included children’s chairs, a laptop, and a projector to facilitate educational sessions and school preparation activities. These resources support the 12 refugee children from Ukraine currently attending the kindergarten, helping them integrate with local peers through structured learning and training.",,CCR,3347.06,Unearmarked,Completed,,2025,,,,assets/photos/CSI_2025_19/CSI_2025_19_1.jpg|assets/photos/CSI_2025_19/CSI_2025_19_2.jpg
PCP_01,PCP,Insulation works in Comrat kindergarten,UTA Gagauzia,Comrat,"Suvorov 58a, street",46.301888,28.641183,Kindergarten,Comrat municipality,"In 2023, the Interagency Winterization Taskforce conducted a community facilities assessment, which identified Comrat Kindergarten as one of the priority projects. UNHCR implemented measures to enhance the building's energy efficiency and reduce heating costs. The work included replacing the old heating system and thermally insulating eight rooftops of the kindergarten using mineral wool panels for ceiling mounting. This project was jointly done with IOM. 2024: 858,096.62 MDL - ex.rate 18.098","Reduction of utility bills during winter months, improvement of the thermal comfort of indoor spaces, and better conditions for children during classes.",Acted,47413.86,PRM,Completed,2024,2024,,,,assets/photos/PCP_01/PCP_01_1.png|assets/photos/PCP_01/PCP_01_2.png
PCP_02,PCP,Fully renovation of an outdoor sports field,Cahul,Cahul,"Ștefan cel Mare 13, Street, MD-3909",45.908419,28.190654,Sports facility,Cahul Municipality,"UNHCR initiated the construction of an outdoor multi-functional sports field in 2023. The work included the installation of a metal fence frame, the construction of a reinforced concrete slab, and the installation of rubber flooring. Additionally, sports gates were incorporated into the design to enhance functionality. 2023: USD 130,461.96 (2.533,701.78 MDL) ex.rate 19.421 2024: USD 12,429. 27 (224,945.10 MDL) ex.rate 18.098","This initiative aimed to promote the healthy development of children, teenagers, and adults through sports activities.",Acted,143013.00,Unearmarked,Completed,2023,2024,,,,assets/photos/PCP_02/PCP_02_1.png|assets/photos/PCP_02/PCP_02_2.png
PCP_03,PCP,Open Cinema in Palanca central park,Stefan Voda,Palanca,"str. Mihai Eminescu, 2",46.409666,30.097126,Public urban space,Village Hall,"The project included the construction of two reinforced concrete platforms, carefully covered with durable rubber matting to ensure comfort and safety for moviegoers. Additionally, a sturdy metal screen frame was installed, securely anchored to the ground, to serve as the centerpiece for cinematic projections. A lighting system was also integrated into the design. Concrete and wood benches were thoughtfully incorporated into the layout, providing ample seating for spectators to relax and enjoy the movie screenings. The creation of an accessible pathway designed to ensure that poeple with physical disability could easily navigate and enjoy the space. 2023: 607,236.98 MDL - ex.rate 19.421","The objective of this endeavor was to enhance the original concept and develop a designated area for the open-air cinema, along with other activities designed for children and teenagers. The space was well illuminated to create an inviting atmosphere for evening gatherings. Special attention was given to accessibility to accommodate individuals with disabilities.",Acted,31267.03,Unearmarked,Completed,2023,2023,,,,
PCP_04,PCP,Public stage in Cimislia central park,Cimislia,Cimislia,"Ștefan cel Mare 21, street",46.521212,28.786167,Public urban space,Cimisla City Hall,"The intervention focuses on the renovation of the stage, encompassing the replacement of the roof and the old wooden plank flooring, as well as the installation of a new lighting system. 2023: 534,302.44 MDL - ex.rate 19.421","The public park offers a variety of activities, including a children's playground, a soccer field, a skating area, and a stage for hosting different events. In a city with a population of 12,000 people, approximately 3,000, including refugees and the host community, are expected to utilize this public space.",Acted,27511.58,Unearmarked,Completed,2023,2023,,,,
PCP_05,PCP,Indoor Sports Gym,Stefan Voda,Stefan Voda,"31 August, 6 street",46.516086,29.668806,Sports facility,City hall,"Stefan Voda boasts an indoor sports facility covering an area of nearly 300 square meters. The aim of the project was to comprehensively renovate the facility, providing a space in good condition for recreational activities for refugees and host communities. 2023: 1,849,579.46 MDL - ex.rate 19.421",The project is aligned with the strategy to promote sports areas in Chisinau.,Acted,95236.06,Unearmarked,Completed,2023,2023,,,,
PCP_06,PCP,Renovation of a meeting room in Otaci city hall,Ocnita,Otaci,"str.Valeriu Gaiciuc, 18",48.444113,27.780643,Public administration building,Otaci City Hall,"The intervention undertook the installation of 10cm thick expanded polystyrene boards on all facades of the structure. Following this, a precise application of two layers of 7mm thick plaster covered the entire surface of the walls, contributing not only to durability but also to an enhanced and polished appearance. 2023: 805,507.06 MDL - ex.rate 19.421",The project aims to enhance the energy efficiency of the building and reduce the heating costs during the winter months.,Acted,41476.09,Unearmarked,Completed,2023,2023,,,,
PCP_07,PCP,Winter works in Palanca kindergarten,Stefan Voda,Palanca,"str. Mihai Eminescu, 2",46.410649,30.096834,Kindergarten,Village Hall,"The kindergarten faced significant challenges due to its weak and outdated heating system, which struggled to adequately warm its premises during the winter months. To rectify this issue, a series of measures were implemented. Firstly, two entrance doors and two interior doors were installed to prevent heat loss and improve insulation. Additionally, 67 old radiators were replaced with higher-capacity ones to ensure more efficient heating throughout the building. Furthermore, a new gas heating boiler was installed to provide reliable and consistent heating, thereby creating a more comfortable environment for both students and staff. 2023: 505,000 MDL - ex.rate 19.421",The project aims to enhance the energy efficiency of the building and reduce the heating costs during the winter months.,Acted,26002.78,SEM,Completed,2023,2023,,,,
PCP_08,PCP,Renovation of classrooms in Gimnaziul nr. 8 „Taras Șevcenco”,Chisinau,Chisinau,Strada Miron Costin 26,47.048131,28.869119,School,Chisinau Municipality,"Renovation of four classrooms of approx. 50m2 each: • Removal of old wallpapers or plaster from walls and ceiling, remove old wooden flooring and existing flooring linoleum, existing old door, heating system with old radiators and electrical cables and fixtures. • Placing 2 new layers of beton and installation of new linoleum flooring , wall plastering layer and painting, ceiling plastering layer and painting, fixing new door, installation electrical system and fixtures -switches- sockets.., and installation of new heating system such radiators and pipes etc, fixing curtain and new wardrobe. 2024: 243,248.81 MDL - ex.rate 18.098",This is one of the few schools that has classes in Ukrainian. This renovation will support to expand the capacity and enable more Ukrainian children to registere in the school.,Acted,13440.65,PRM,Completed,2024,2024,,,,assets/photos/PCP_08/PCP_08.png
PCP_22,PCP,Renovation of sports hall in Creation centre,Balti,Balti,"Alexandru Hajdeu, 6, street",47.773211,27.901595,Sports facility,Balti Municipality,,,Acted,51500.00,PRM,In progress,2025,,,,,
PCP_23,PCP,KG no.185: Renovation of children's playground,Chisinau,Chisinau,"Alba Iulia 202/3, street",47.043209,28.765019,Kindergarten,Chisinau Municipality,"955.652,40 mdl (exchange rate 17,324)",,Acted,55163.50,PRM,In progress,2025,,,,,
PCP_24,PCP,Petr Rumeantev High School: Improvement of classrooms,Cahul,Cahul,"31 August 1989, 7, street",45.904107,28.186733,School,Cahul District Council,,,Acted,34000.00,PRM,In progress,2025,,,,,
PCP_28,PCP,Building Playground in Otaci,Ocnita,Otaci,str. Ștefan cel Mare 121/1,48.450274,27.759212,,,"In a collaborative effort between local authorities and the Roma-led NGO Bahtalo Ker, this project established a central recreational hub in Otaci to foster social cohesion. The town serves a diverse population of 7,000 residents and hundreds of refugees, many of whom were welcomed by the community's early volunteer efforts. The project involved the installation of a playground for children and a sports ground for youth and adults. While UNHCR provided the play and sports equipment, the municipality managed the site preparation and installed essential infrastructure, including benches, lighting, and security cameras. Located in the town center, this accessible space provides a safe environment for positive interaction and physical activity for all ethnic groups and displaced families.",,DI,17709.54,Unearmarked,Completed,,2023,assets/photos/PCP_28/PCP_28_before.jpg,assets/photos/PCP_28/PCP_28_after.jpg,,
PCP_29_1,PCP,Northern Moldova: IT Support for Community Social Workers,Ungheni,Ungheni,"str. Nationala, 50",47.213088,27.807717,,,"Following a series of needs analysis meetings with social departments across northern and central Moldova—including Ungheni, Soroca and Donduseni—UNHCR implemented this project to modernize social services. The initiative addressed the increased workload caused by the refugee influx and the lack of technical resources for mobile home visits. To optimize service delivery, UNHCR procured and delivered tablets, keyboards, and ergonomic office furniture. This equipment allows social workers to process data digitally during visits, eliminating manual paperwork and ensuring more efficient support for both host communities and refugees.",,DI,,Unearmarked,Completed,,2023,,,,
PCP_29_2,PCP,Northern Moldova: IT Support for Community Social Workers,Soroca,Soroca,"str. Independentei, 73",48.154777,28.301724,,,"Following a series of needs analysis meetings with social departments across northern and central Moldova—including Ungheni, Soroca and Donduseni—UNHCR implemented this project to modernize social services. The initiative addressed the increased workload caused by the refugee influx and the lack of technical resources for mobile home visits. To optimize service delivery, UNHCR procured and delivered tablets, keyboards, and ergonomic office furniture. This equipment allows social workers to process data digitally during visits, eliminating manual paperwork and ensuring more efficient support for both host communities and refugees.",,DI,,Unearmarked,Completed,,2023,,,,
PCP_29_3,PCP,Northern Moldova: IT Support for Community Social Workers,Donduseni,Donduseni,"str. Mihai Eminescu, 26",48.222542,27.587521,,,"Following a series of needs analysis meetings with social departments across northern and central Moldova—including Ungheni, Soroca and Donduseni—UNHCR implemented this project to modernize social services. The initiative addressed the increased workload caused by the refugee influx and the lack of technical resources for mobile home visits. To optimize service delivery, UNHCR procured and delivered tablets, keyboards, and ergonomic office furniture. This equipment allows social workers to process data digitally during visits, eliminating manual paperwork and ensuring more efficient support for both host communities and refugees.",,DI,,Unearmarked,Completed,,2023,,,,
PCP_30,PCP,Improving Patient Care and Education in Pediatric Tuberculosis Hospital,Chisinau,Chisinau,str. Grenoble 147,46.988379,28.831203,,,"To support children undergoing long-term treatment, this project addressed major furniture and infrastructure shortages in the Pediatric Phthisiopneumology Department. UNHCR provided customized classroom furniture—including desks and magnetic boards—alongside dining tables and secure lockers to improve daily living conditions. Additionally, the intervention upgraded sanitary facilities with new shower cabins and plumbing, while replacing ward doors to ensure a more comfortable and dignified environment for recovery and learning.",,DI,,Unearmarked,Completed,,2025,assets/photos/PCP_30/PCP_30_before.png,assets/photos/PCP_30/PCP_30_after.jpg,,
PCP_Creche_09,PCP,"Replacement of windows in Balti kindergarten ""Martisor""",Balti,Balti,"str. Bulgara, 77",47.788804,27.894840,Kindergarten,Balti Municipality,"The project successfully improved the thermal conditions of the kindergarten by replacing deteriorated wooden windows with modern aluminum ones.The installation included 37 aluminum windows, upgraded with a double-opening mechanism and equipped with mosquito nets to promote natural ventilation. Additionally, external metal sills were strategically incorporated beneath the windows to facilitate rain water drainage and enhance wall insulation. 2023: 994,598.74 MDL - ex.rate 19.421","This ensured a comfortable minimum temperature, especially during winter, for various creche groups. These improvements contributed to increase energy efficiency and overall comfort within the facility.",Acted,51212.54,SEM,Completed,2023,2023,,,,
PCP_Creche_10,PCP,Rehabilitation of one creche classroom in Chisinau Kindergarten no. 141,Chisinau,Chisinau,Sarmizegetusa St 39/3,46.986153,28.877719,Kindergarten,Chisinau Municipality,"This project revitalized a specific creche group and its associated staircase area on the second floor, aiming to expand capacity for accommodating more children. The comprehensive 133.4 square meters renovation included various tasks to enhance the space. This involved applying new wall plasters, installing synthetic laminate flooring, incorporating plasterboard suspended ceilings, replacing windows and doors, and upgrading sewage, water, heating, and electricity systems. 2023: 1,203, 687.26 - ex.rate 19.421","These renovations aimed to create a conducive environment that promoted the well-being of both staff and children attending the creche. Moreover, these improvements led to the opening of a brand new creche group where 24 additional children (including refugee children) will be enrolled the creche.",Acted,61978.64,SEM,Completed,2023,2023,,,,
PCP_Creche_11,PCP,"Rehabilitation of one creche classroom in Cojusna Kindergarten no. 1, Poieniţa",Straseni,Cojusna,"Mihai Viteazul, 221, street",47.091850,28.667135,Kindergarten,Village Hall,"The renovate creche group is located in the 2nd floor of the kindergarten, it was an unused space with an unusable condition. The renovation includes the main classroom, bedroom, toilets and fitting room for children. 2024: 820,987.41 MDL - ex.rate 18.098",These improvements led to the opening of a brand new creche group where 25 additional children (including refugee children) will be enrolled the creche.,Acted,45363.43,SEM,Completed,2024,2024,,,,
PCP_Creche_12,PCP,Rehabilitation of one creche classroom in Ialoveni Kindergarten Andries,Ialoveni,Ialoveni,"Pacii 1, street",46.953581,28.774496,Kindergarten,City Hall,"2024: 876,244.71 MDL - ex.rate 18.098",These improvements led to the opening of a brand new creche group where 25 additional children (including refugee children) will be enrolled the creche.,Acted,48416.66,SEM,Completed,2024,2024,,,,assets/photos/PCP_Creche_12/PCP_Creche_12_1.png|assets/photos/PCP_Creche_12/PCP_Creche_12_2.png
PCP_Creche_13,PCP,Rehabilitation of one creche classroom in Danceni Kindergarten Albinuța,Ialoveni,Danceni,"31 August, 13 street",46.960054,28.709737,Kindergarten,Danceni Municipality,"In this creche group located in the ground floor, prior UNHCR implementation, Street child invested around 600.000 MDL to cover the replacement of windows, door, the floor heating system and electricity system. UNHCR supported to finalize the renovation works with the installation of the flooring, ceiling, walls, installation of toilets, sinks and kitchen. 2024: 933,049.95 MDL - ex.rate 18.098",The Mayor’s request is to support the renovation of the space for another creche group to increase the capacity for 20 additional children. The municipality will cover the cost of the equipment and furniture.,Acted,51555.42,SEM,Completed,2024,2024,,,,assets/photos/PCP_Creche_13/PCP_Creche_13_1.png|assets/photos/PCP_Creche_13/PCP_Creche_13_2.png
PCP_Creche_25,PCP,KG no.175: Partial renovation of a creche group,Chisinau,Chisinau,"Grenoble 153/1, street",46.990251,28.835154,Kindergarten,Chisinau Municipality,"1.098.541,77 mdl (exchange rate 17,324)",,Acted,63411.55,PRM,Completed,2025,,,,,
PCP_Creche_26,PCP,Kindergarten no.9 Scufita Rosie: partial renovation of the creche group,Cahul,Cahul,Street Spirin nr.147,45.919934,28.217534,Kindergarten,Cahul Municipality,,,Acted,42500.00,PRM,Completed,2025,,,,,
PCP_DI_14,PCP,Ratus Kindergarten playground,Criuleni,Drasliceni,"MIhai Viteazul, 2, street",47.167949,28.803114,Kindergarten,Village Hall,"2024: 365,575.67 MDL","The project involved the renovation of an existing 45.03 m² playground area through the corered with rubber safety flooring and installation new playground equipment, including a four-tower play complex, a swing set, a double swing, a spiral climbing structure, and an interactive play panel. An additional 13.05 m² area was landscaped with decorative tree bark where accommodated the interactive panel. The project also included the relocation of an existing play structure within the kindergarten premises and the repainting of two outdoor pavilions, improving the overall safety, functionality, and attractiveness of the recreational environment for children.",DI,21102.27,PRM,Completed,2024,2024,,,,assets/photos/PCP_DI_14/PCP_DI_14.png
PCP_DI_15,PCP,Balti Sport Field,Balti,Balti,"Victoriei, 94, street, MD-3100",47.751102,27.885580,Sports facility,Academia de Tenis de Masa,"2024: 824,578.56 MDL","The project involved the renovation of a 681 m² sports field on an existing gravel base. The works included the construction of a reinforced concrete slab, which was subsequently covered with a 16 mm rubber safety surface. The project also included the installation of two basketball backboards, creating a multifunctional sports area suitable for basketball and other team sports. The rehabilitation works significantly improved access to safe, inclusive, and high-quality recreational and sports facilities for both host community and refugee children and youth.",DI,47408.77,PRM,Completed,2024,2025,,,,
PCP_DI_16,PCP,Cash Centre Facade,Causeni,Causeni,"Păcii 18, street",46.640035,29.405632,Other,Causeni District Council,"2024: 93,710 MDL",,DI,5467.61,PRM,Completed,2024,2024,,,,
PCP_DI_17,PCP,Otaci City Hall Conference Room,Ocnita,Otaci,"Valeriu Gaiciuc, 18 street",48.444113,27.780643,Public administration building,City Hall,"2024: 345,028.61 MDL",,DI,19916.22,PRM,Completed,2024,2024,,,,
PCP_DI_18,PCP,SOS Autism premises,Chisinau,Chisinau,"Grenoble, 191 street",46.981676,28.845586,Dormitory building,Chisinau Municipality,"2024: 118,550 MDL",,DI,6976.09,PRM,Completed,2024,2024,,,,
PCP_DI_19,PCP,Causeni Sports Gym,Causeni,Causeni,Strada A. Mateevici 3-A,46.638986,29.409522,Sports facility,Causeni District Council,"The project aims to renovate the Causeni school gym by replacing the roof, insulating the facade, landscaping the exterior, and upgrading the heating and air conditioning systems. 2024: USD 109,609.36 (1,995,000.00 MDL) 2025: USD 5,127.32 (87,749.00 MDL)","This initiative promotes social cohesion and support the host community. The facility provides an additional space in Causeni for sports for the children at the school, refugees and local community.",DI,114736.68,PRM,Completed,2025,,assets/photos/PCP_DI_19/PCP_DI_19_before_1.png|assets/photos/PCP_DI_19/PCP_DI_19_before_2.png,assets/photos/PCP_DI_19/PCP_DI_19_after_1.png|assets/photos/PCP_DI_19/PCP_DI_19_after_2.png,,
PCP_DI_20,PCP,Improvement of Comrat City Park children's areas,UTA Gagauzia,Comrat,Lenin 193a street,46.299212,28.657057,Public urban space,Comrat Municipality,The improvement of the children's playground involves replacing the flooring and upgrading the playground equipment.,The objective of this endeavor was to enhance the the children's playground in the main par of Comrat to ensure that the activities for children and teenagers are executed in a safe and adequate space.,DI,30000.00,PRM,Completed,2025,,,,,
PCP_DI_21,PCP,Workout zone in Lomonosov Highschool,Chisinau,Chisinau,93 Putnei street,47.058341,28.843188,Sports facility,Chisinau Municipality,"There is a workout area currently in a deteriorated condition. The proposed project aims to fully renovate this sports area, covering a total surface of 171 m², to provide students and the community with a safe and modern space for physical activity and recreation.",,DI,30000.00,PRM,Completed,2025,,assets/photos/PCP_DI_21/PCP_DI_21_before_1.jpg|assets/photos/PCP_DI_21/PCP_DI_21_before_2.jpg,,,
PCP_DI_27,PCP,Oncological hospital: renovation of the one of the Radiotherapy areas,Chisinau,Chisinau,"Nicolae Testemițanu, 30 street",46.992121,28.826334,Health facility,Oncological Hospital,,,DI,35000.00,PRM,Completed,2025,,assets/photos/PCP_DI_27/PCP_DI_27_before_1.png|assets/photos/PCP_DI_27/PCP_DI_27_before_2.png,assets/photos/PCP_DI_27/PCP_DI_27_after_1.png|assets/photos/PCP_DI_27/PCP_DI_27_after_2.png,,
REF_1,REF,Ungheni Refugee Council,Ungheni,Ungheni,"str. Romană 9, Ungheni 3600, Palatul Culturii",47.202153,29.407731,Community Service Centre,Ungheni Municipality,N/A,,,,,,,,,,,
REF_2,REF,Balti Refugee Council,Balti,Balti,"Str. Konev, 9, Balti, Republica Moldova",47.786798,27.893076,Community Service Centre,Balti Municipality,N/A,,,,,,,,,,,
REF_3,REF,Cahul Refugee Council,Cahul,Cahul,"Strada Păcii 6, Cahul 3901, Liceul Teoretic Serghei Rahmaninov",45.894489,28.189948,Community Service Centre,Cahul District Council,N/A,,,,,,,,,,,
REF_4,REF,Ocnita Refugee Council,Ocnita,Ocnita and Otaci,"Str. Mihai Viteazul 2, or. Ocnița, Republica Moldova",48.410818,27.479293,Community Service Centre,Ocnita City Hall,N/A,,,,,,,,,,,
REF_5,REF,Soroca Refugee Council,Soroca,Soroca,"str. Malamud 10, Soroca",48.155983,28.298456,Community Service Centre,Soroca City Hall,N/A,,,,,,,,,,,
REF_6,REF,Donduseni Refugee Council,Donduseni,Donduseni,"str. Iuri Gagarin 1a, Donduşeni, Liceul Teoretic ""A.Puşkin""",48.241111,27.606389,Community Service Centre,Donduseni District Council,N/A,,,,,,,,,,,
